timestamp,latency_ms,request_count,error_rate,is_anomaly
2024-01-01 01:00:00,44.96,103,0.0073,0
2024-01-01 01:05:00,62.58,180,0.0109,0
2024-01-01 01:10:00,56.44,106,0.0131,0
2024-01-01 01:15:00,57.41,114,0.0122,0
2024-01-01 01:20:00,57.39,75,0.0107,0
2024-01-01 01:25:00,53.34,50,0.0106,0
2024-01-01 01:30:00,56.17,53,0.013,0
2024-01-01 01:35:00,60.0,105,0.0128,0
2024-01-01 01:40:00,60.65,180,0.011,0
2024-01-01 01:45:00,58.56,110,0.0119,0
2024-01-01 01:50:00,63.88,159,0.0128,0
2024-01-01 01:55:00,36.82,168,0.006,0
2024-01-01 02:00:00,54.92,172,0.0109,0
2024-01-01 02:05:00,29.46,112,0.006,0
2024-01-01 02:10:00,53.99,186,0.0099,0
2024-01-01 02:15:00,65.76,141,0.0145,0
2024-01-01 02:20:00,51.53,179,0.0106,0
2024-01-01 02:25:00,36.61,95,0.0071,0
2024-01-01 02:30:00,40.23,72,0.0075,0
2024-01-01 02:35:00,41.19,89,0.0068,0
2024-01-01 02:40:00,40.89,145,0.0077,0
2024-01-01 02:45:00,60.79,190,0.0098,0
2024-01-01 02:50:00,66.2,139,0.0136,0
2024-01-01 02:55:00,44.05,77,0.0103,0
2024-01-01 03:00:00,59.74,103,0.0102,0
2024-01-01 03:05:00,44.29,93,0.0094,0
2024-01-01 03:10:00,49.44,106,0.0107,0
2024-01-01 03:15:00,37.0,110,0.0066,0
2024-01-01 03:20:00,35.19,109,0.0071,0
2024-01-01 03:25:00,58.86,195,0.0095,0
2024-01-01 03:30:00,47.98,172,0.0093,0
2024-01-01 03:35:00,42.06,115,0.0099,0
2024-01-01 03:40:00,50.16,171,0.0094,0
2024-01-01 03:45:00,65.69,136,0.0148,0
2024-01-01 03:50:00,48.78,162,0.009,0
2024-01-01 03:55:00,44.32,72,0.01,0
2024-01-01 04:00:00,29.26,182,0.0067,0
2024-01-01 04:05:00,62.68,145,0.0132,0
2024-01-01 04:10:00,56.0,174,0.0094,0
2024-01-01 04:15:00,45.67,197,0.0106,0
2024-01-01 04:20:00,53.23,190,0.0092,0
2024-01-01 04:25:00,37.4,112,0.0069,0
2024-01-01 04:30:00,51.05,90,0.0115,0
2024-01-01 04:35:00,54.28,167,0.0108,0
2024-01-01 04:40:00,48.11,52,0.0112,0
2024-01-01 04:45:00,41.53,81,0.0077,0
2024-01-01 04:50:00,60.05,50,0.013,0
2024-01-01 04:55:00,36.55,76,0.0085,0
2024-01-01 05:00:00,67.28,185,0.0114,0
2024-01-01 05:05:00,52.94,137,0.0107,0
2024-01-01 05:10:00,44.27,63,0.0089,0
2024-01-01 05:15:00,50.9,128,0.0094,0
2024-01-01 05:20:00,41.7,111,0.0068,0
2024-01-01 05:25:00,48.17,93,0.0081,0
2024-01-01 05:30:00,60.71,81,0.0138,0
2024-01-01 05:35:00,56.78,141,0.0096,0
2024-01-01 05:40:00,46.35,164,0.0087,0
2024-01-01 05:45:00,54.54,127,0.0102,0
2024-01-01 05:50:00,46.55,50,0.0098,0
2024-01-01 05:55:00,40.48,162,0.0073,0
2024-01-01 06:00:00,64.75,351,0.0073,0
2024-01-01 06:05:00,76.02,261,0.0089,0
2024-01-01 06:10:00,105.4,424,0.0124,0
2024-01-01 06:15:00,90.7,445,0.0092,0
2024-01-01 06:20:00,102.11,317,0.0106,0
2024-01-01 06:25:00,80.7,219,0.0068,0
2024-01-01 06:30:00,121.86,448,0.0104,0
2024-01-01 06:35:00,104.93,424,0.0125,0
2024-01-01 06:40:00,119.2,337,0.0142,0
2024-01-01 06:45:00,121.64,286,0.0101,0
2024-01-01 06:50:00,122.57,340,0.0122,0
2024-01-01 06:55:00,122.6,249,0.0138,0
2024-01-01 07:00:00,69.76,200,0.0073,0
2024-01-01 07:05:00,110.67,219,0.0091,0
2024-01-01 07:10:00,115.27,401,0.0126,0
2024-01-01 07:15:00,116.65,327,0.0096,0
2024-01-01 07:20:00,123.34,265,0.0125,0
2024-01-01 07:25:00,93.93,337,0.0105,0
2024-01-01 07:30:00,68.51,296,0.0075,0
2024-01-01 07:35:00,83.12,409,0.009,0
2024-01-01 07:40:00,100.95,452,0.0086,0
2024-01-01 07:45:00,329.47,272,0.0338,1
2024-01-01 07:50:00,91.7,1336,0.0099,1
2024-01-01 07:55:00,77.51,246,0.009,0
2024-01-01 08:00:00,90.96,224,0.0096,0
2024-01-01 08:05:00,152.58,395,0.0128,0
2024-01-01 08:10:00,131.96,215,0.0134,0
2024-01-01 08:15:00,141.98,1467,0.0161,1
2024-01-01 08:20:00,73.02,325,0.0072,0
2024-01-01 08:25:00,82.06,337,0.0076,0
2024-01-01 08:30:00,68.07,278,0.006,0
2024-01-01 08:35:00,81.39,358,0.0069,0
2024-01-01 08:40:00,55.15,457,0.006,0
2024-01-01 08:45:00,90.13,371,0.009,0
2024-01-01 08:50:00,93.76,444,0.0085,0
2024-01-01 08:55:00,137.01,437,0.0136,0
2024-01-01 09:00:00,114.91,236,0.0113,0
2024-01-01 09:05:00,120.24,385,0.0144,0
2024-01-01 09:10:00,79.8,347,0.0082,0
2024-01-01 09:15:00,82.16,371,0.0091,0
2024-01-01 09:20:00,67.58,398,0.0066,0
2024-01-01 09:25:00,99.98,481,0.0105,0
2024-01-01 09:30:00,90.21,271,0.0088,0
2024-01-01 09:35:00,113.69,256,0.0126,0
2024-01-01 09:40:00,89.29,308,0.0105,0
2024-01-01 09:45:00,103.94,237,0.0096,0
2024-01-01 09:50:00,78.74,417,0.0065,0
2024-01-01 09:55:00,89.76,245,0.0098,0
2024-01-01 10:00:00,120.11,492,0.011,0
2024-01-01 10:05:00,76.98,481,0.0074,0
2024-01-01 10:10:00,98.86,384,0.0092,0
2024-01-01 10:15:00,127.34,354,0.0135,0
2024-01-01 10:20:00,128.48,429,0.0115,0
2024-01-01 10:25:00,107.21,260,0.01,0
2024-01-01 10:30:00,96.4,212,0.0097,0
2024-01-01 10:35:00,98.15,412,0.0101,0
2024-01-01 10:40:00,126.52,301,0.0107,0
2024-01-01 10:45:00,61.23,354,0.0057,0
2024-01-01 10:50:00,121.62,279,0.0144,0
2024-01-01 10:55:00,74.79,446,0.0065,0
2024-01-01 11:00:00,48.81,74,0.0108,0
2024-01-01 11:05:00,54.88,190,0.0123,0
2024-01-01 11:10:00,34.97,114,0.007,0
2024-01-01 11:15:00,48.54,149,0.0083,0
2024-01-01 11:20:00,58.08,146,0.011,0
2024-01-01 11:25:00,59.3,112,0.0134,0
2024-01-01 11:30:00,47.97,138,0.0106,0
2024-01-01 11:35:00,40.93,80,0.0094,0
2024-01-01 11:40:00,32.93,93,0.0063,0
2024-01-01 11:45:00,51.7,126,0.0109,0
2024-01-01 11:50:00,59.45,134,0.0101,0
2024-01-01 11:55:00,39.71,76,0.0067,0
2024-01-01 12:00:00,50.59,83,0.0086,0
2024-01-01 12:05:00,66.58,91,0.0122,0
2024-01-01 12:10:00,41.69,55,0.0082,0
2024-01-01 12:15:00,58.06,138,0.012,0
2024-01-01 12:20:00,68.54,124,0.0129,0
2024-01-01 12:25:00,56.7,50,0.0129,0
2024-01-01 12:30:00,43.31,155,0.0102,0
2024-01-01 12:35:00,53.14,183,0.0119,0
2024-01-01 12:40:00,55.18,173,0.0123,0
2024-01-01 12:45:00,49.69,179,0.0115,0
2024-01-01 12:50:00,48.05,50,0.0094,0
2024-01-01 12:55:00,60.59,67,0.0134,0
2024-01-01 13:00:00,81.74,424,0.0066,0
2024-01-01 13:05:00,87.59,386,0.0072,0
2024-01-01 13:10:00,100.08,367,0.0085,0
2024-01-01 13:15:00,111.17,266,0.0111,0
2024-01-01 13:20:00,113.08,417,0.0104,0
2024-01-01 13:25:00,92.16,479,0.0098,0
2024-01-01 13:30:00,109.56,258,0.0114,0
2024-01-01 13:35:00,120.48,422,0.0119,0
2024-01-01 13:40:00,67.81,966,0.0064,1
2024-01-01 13:45:00,67.69,230,0.0065,0
2024-01-01 13:50:00,111.84,1641,0.0092,1
2024-01-01 13:55:00,130.67,259,0.0131,0
2024-01-01 14:00:00,112.0,355,0.0129,0
2024-01-01 14:05:00,135.57,375,0.0152,0
2024-01-01 14:10:00,95.81,448,0.0098,0
2024-01-01 14:15:00,148.32,463,0.0161,0
2024-01-01 14:20:00,101.61,443,0.01,0
2024-01-01 14:25:00,104.79,266,0.0096,0
2024-01-01 14:30:00,93.66,310,0.0089,0
2024-01-01 14:35:00,78.75,477,0.0066,0
2024-01-01 14:40:00,65.82,394,0.007,0
2024-01-01 14:45:00,141.55,405,0.0147,0
2024-01-01 14:50:00,61.51,366,0.0062,0
2024-01-01 14:55:00,97.23,281,0.0102,0
2024-01-01 15:00:00,127.03,271,0.0145,0
2024-01-01 15:05:00,100.35,300,0.0104,0
2024-01-01 15:10:00,106.0,488,0.009,0
2024-01-01 15:15:00,133.74,964,0.0145,0
2024-01-01 15:20:00,86.45,405,0.0087,0
2024-01-01 15:25:00,99.0,306,0.0098,0
2024-01-01 15:30:00,68.91,462,0.008,0
2024-01-01 15:35:00,115.54,207,0.0112,0
2024-01-01 15:40:00,90.52,346,0.0079,0
2024-01-01 15:45:00,108.72,397,0.0096,0
2024-01-01 15:50:00,130.25,305,0.0108,0
2024-01-01 15:55:00,94.98,325,0.0082,0
2024-01-01 16:00:00,60.56,157,0.0144,0
2024-01-01 16:05:00,42.0,122,0.0078,0
2024-01-01 16:10:00,66.79,109,0.0138,0
2024-01-01 16:15:00,48.71,194,0.0106,0
2024-01-01 16:20:00,41.61,66,0.009,0
2024-01-01 16:25:00,55.14,691,0.0115,0
2024-01-01 16:30:00,52.58,193,0.0126,0
2024-01-01 16:35:00,30.37,140,0.0065,0
2024-01-01 16:40:00,37.33,61,0.0086,0
2024-01-01 16:45:00,65.01,92,0.0143,0
2024-01-01 16:50:00,49.78,62,0.0114,0
2024-01-01 16:55:00,44.93,148,0.0105,0
2024-01-01 17:00:00,38.25,164,0.0065,0
2024-01-01 17:05:00,47.6,144,0.0083,0
2024-01-01 17:10:00,42.41,122,0.007,0
2024-01-01 17:15:00,49.81,128,0.0081,0
2024-01-01 17:20:00,48.55,187,0.0115,0
2024-01-01 17:25:00,55.75,164,0.013,0
2024-01-01 17:30:00,59.03,56,0.0141,0
2024-01-01 17:35:00,49.92,161,0.01,0
2024-01-01 17:40:00,39.26,196,0.0088,0
2024-01-01 17:45:00,48.27,148,0.0101,0
2024-01-01 17:50:00,57.6,185,0.0103,0
2024-01-01 17:55:00,54.72,105,0.0111,0
2024-01-01 18:00:00,148.45,949,0.0222,0
2024-01-01 18:05:00,231.28,2698,0.0333,1
2024-01-01 18:10:00,129.41,816,0.0146,0
2024-01-01 18:15:00,168.78,951,0.0246,0
2024-01-01 18:20:00,104.87,994,0.0118,0
2024-01-01 18:25:00,167.66,588,0.0205,0
2024-01-01 18:30:00,153.4,711,0.0168,0
2024-01-01 18:35:00,196.29,508,0.0245,0
2024-01-01 18:40:00,173.08,991,0.0264,1
2024-01-01 18:45:00,185.65,612,0.0217,0
2024-01-01 18:50:00,180.95,646,0.0264,0
2024-01-01 18:55:00,211.44,958,0.0267,1
2024-01-01 19:00:00,165.42,899,0.0228,0
2024-01-01 19:05:00,148.05,885,0.0233,0
2024-01-01 19:10:00,165.41,542,0.0184,0
2024-01-01 19:15:00,151.57,959,0.0194,0
2024-01-01 19:20:00,126.69,536,0.0142,0
2024-01-01 19:25:00,158.05,604,0.0191,0
2024-01-01 19:30:00,114.74,536,0.0126,0
2024-01-01 19:35:00,198.55,782,0.023,0
2024-01-01 19:40:00,101.94,636,0.0112,0
2024-01-01 19:45:00,123.7,880,0.0172,0
2024-01-01 19:50:00,195.01,789,0.0256,0
2024-01-01 19:55:00,120.1,847,0.0141,0
2024-01-01 20:00:00,116.75,588,0.0151,0
2024-01-01 20:05:00,184.9,771,0.0291,0
2024-01-01 20:10:00,162.89,772,0.0207,0
2024-01-01 20:15:00,129.18,514,0.0186,0
2024-01-01 20:20:00,93.9,703,0.0147,0
2024-01-01 20:25:00,151.98,698,0.0175,0
2024-01-01 20:30:00,178.14,872,0.0252,0
2024-01-01 20:35:00,159.88,508,0.0189,0
2024-01-01 20:40:00,129.83,809,0.0178,0
2024-01-01 20:45:00,117.48,704,0.0173,0
2024-01-01 20:50:00,191.77,751,0.0235,0
2024-01-01 20:55:00,192.28,985,0.0205,1
2024-01-01 21:00:00,115.63,727,0.0141,0
2024-01-01 21:05:00,135.22,903,0.0197,0
2024-01-01 21:10:00,189.47,856,0.026,0
2024-01-01 21:15:00,179.05,719,0.0197,0
2024-01-01 21:20:00,94.42,648,0.0118,0
2024-01-01 21:25:00,140.77,741,0.0188,0
2024-01-01 21:30:00,686.5,601,0.0952,1
2024-01-01 21:35:00,123.03,675,0.0175,0
2024-01-01 21:40:00,126.12,996,0.0137,0
2024-01-01 21:45:00,119.35,758,0.0152,0
2024-01-01 21:50:00,126.49,703,0.0161,0
2024-01-01 21:55:00,196.81,503,0.027,1
2024-01-01 22:00:00,101.42,988,0.0114,0
2024-01-01 22:05:00,135.08,845,0.0201,0
2024-01-01 22:10:00,143.1,550,0.0162,0
2024-01-01 22:15:00,169.64,941,0.0269,0
2024-01-01 22:20:00,158.39,754,0.0186,0
2024-01-01 22:25:00,160.61,759,0.0196,0
2024-01-01 22:30:00,497.16,820,0.0674,1
2024-01-01 22:35:00,123.38,2236,0.018,1
2024-01-01 22:40:00,133.47,979,0.0146,0
2024-01-01 22:45:00,173.91,995,0.0244,0
2024-01-01 22:50:00,215.06,810,0.0232,0
2024-01-01 22:55:00,191.59,2436,0.0221,1
2024-01-01 23:00:00,112.54,619,0.016,0
2024-01-01 23:05:00,145.43,542,0.0202,0
2024-01-01 23:10:00,129.54,856,0.0201,0
2024-01-01 23:15:00,130.99,796,0.0158,0
2024-01-01 23:20:00,165.9,663,0.0197,0
2024-01-01 23:25:00,162.49,947,0.0241,0
2024-01-01 23:30:00,146.17,847,0.0159,0
2024-01-01 23:35:00,132.64,837,0.0144,0
2024-01-01 23:40:00,114.3,951,0.0134,0
2024-01-01 23:45:00,175.78,929,0.0196,0
2024-01-01 23:50:00,131.62,734,0.0168,0
2024-01-01 23:55:00,151.63,972,0.0215,0
2024-01-02 00:00:00,56.42,100,0.0097,0
2024-01-02 00:05:00,38.08,151,0.0086,0
2024-01-02 00:10:00,45.46,154,0.009,0
2024-01-02 00:15:00,45.9,103,0.0074,0
2024-01-02 00:20:00,62.15,96,0.0129,0
2024-01-02 00:25:00,55.76,143,0.013,0
2024-01-02 00:30:00,66.41,188,0.0148,0
2024-01-02 00:35:00,46.53,167,0.0101,0
2024-01-02 00:40:00,38.54,198,0.0072,0
2024-01-02 00:45:00,53.74,197,0.0127,0
2024-01-02 00:50:00,44.64,163,0.0097,0
2024-01-02 00:55:00,63.96,178,0.0141,0
2024-01-02 01:00:00,51.51,121,0.0118,0
2024-01-02 01:05:00,77.71,161,0.0138,0
2024-01-02 01:10:00,52.79,159,0.0114,0
2024-01-02 01:15:00,52.29,87,0.0096,0
2024-01-02 01:20:00,49.59,117,0.0101,0
2024-01-02 01:25:00,48.08,197,0.0081,0
2024-01-02 01:30:00,108.1,128,0.0212,1
2024-01-02 01:35:00,43.12,164,0.0077,0
2024-01-02 01:40:00,36.23,108,0.008,0
2024-01-02 01:45:00,45.75,81,0.0102,0
2024-01-02 01:50:00,53.15,165,0.0116,0
2024-01-02 01:55:00,46.31,117,0.0099,0
2024-01-02 02:00:00,69.48,172,0.0118,0
2024-01-02 02:05:00,39.47,153,0.0085,0
2024-01-02 02:10:00,68.08,73,0.0111,0
2024-01-02 02:15:00,39.28,194,0.0075,0
2024-01-02 02:20:00,42.41,196,0.0079,0
2024-01-02 02:25:00,43.34,187,0.0084,0
2024-01-02 02:30:00,39.69,52,0.0081,0
2024-01-02 02:35:00,36.72,161,0.008,0
2024-01-02 02:40:00,58.38,128,0.0113,0
2024-01-02 02:45:00,38.87,86,0.0066,0
2024-01-02 02:50:00,60.14,192,0.014,0
2024-01-02 02:55:00,49.97,190,0.0109,0
2024-01-02 03:00:00,47.85,187,0.0103,0
2024-01-02 03:05:00,99.47,72,0.0238,1
2024-01-02 03:10:00,62.66,126,0.011,0
2024-01-02 03:15:00,67.5,180,0.013,0
2024-01-02 03:20:00,47.1,156,0.0083,0
2024-01-02 03:25:00,41.81,75,0.01,0
2024-01-02 03:30:00,49.21,106,0.0096,0
2024-01-02 03:35:00,60.71,127,0.0107,0
2024-01-02 03:40:00,61.4,168,0.0115,0
2024-01-02 03:45:00,60.31,125,0.0129,0
2024-01-02 03:50:00,40.09,135,0.0087,0
2024-01-02 03:55:00,62.31,86,0.0121,0
2024-01-02 04:00:00,32.63,72,0.0056,0
2024-01-02 04:05:00,52.08,54,0.0112,0
2024-01-02 04:10:00,56.75,119,0.0112,0
2024-01-02 04:15:00,60.0,71,0.0143,0
2024-01-02 04:20:00,48.51,75,0.0114,0
2024-01-02 04:25:00,57.07,164,0.012,0
2024-01-02 04:30:00,44.94,57,0.0083,0
2024-01-02 04:35:00,60.02,96,0.01,0
2024-01-02 04:40:00,64.88,64,0.0121,0
2024-01-02 04:45:00,46.64,65,0.0101,0
2024-01-02 04:50:00,58.22,131,0.012,0
2024-01-02 04:55:00,45.3,173,0.0093,0
2024-01-02 05:00:00,60.48,183,0.0129,0
2024-01-02 05:05:00,46.08,67,0.0097,0
2024-01-02 05:10:00,35.3,162,0.0076,0
2024-01-02 05:15:00,42.28,87,0.0101,0
2024-01-02 05:20:00,49.93,146,0.0118,0
2024-01-02 05:25:00,57.0,104,0.0122,0
2024-01-02 05:30:00,53.85,71,0.01,0
2024-01-02 05:35:00,44.27,92,0.0097,0
2024-01-02 05:40:00,37.26,124,0.0089,0
2024-01-02 05:45:00,62.05,133,0.0112,0
2024-01-02 05:50:00,47.39,182,0.0105,0
2024-01-02 05:55:00,47.92,180,0.0114,0
2024-01-02 06:00:00,95.17,247,0.0087,0
2024-01-02 06:05:00,130.44,385,0.0137,0
2024-01-02 06:10:00,77.84,372,0.0085,0
2024-01-02 06:15:00,81.84,360,0.0074,0
2024-01-02 06:20:00,105.57,359,0.0094,0
2024-01-02 06:25:00,94.49,353,0.0103,0
2024-01-02 06:30:00,121.93,396,0.0111,0
2024-01-02 06:35:00,805.28,315,0.0664,1
2024-01-02 06:40:00,83.67,329,0.0071,0
2024-01-02 06:45:00,84.01,210,0.0079,0
2024-01-02 06:50:00,97.34,498,0.0102,0
2024-01-02 06:55:00,124.53,479,0.0134,0
2024-01-02 07:00:00,120.13,397,0.012,0
2024-01-02 07:05:00,85.95,434,0.0099,0
2024-01-02 07:10:00,99.61,213,0.009,0
2024-01-02 07:15:00,65.95,300,0.0053,0
2024-01-02 07:20:00,80.08,478,0.0094,0
2024-01-02 07:25:00,68.13,477,0.0061,0
2024-01-02 07:30:00,82.38,240,0.0069,0
2024-01-02 07:35:00,121.01,224,0.0104,0
2024-01-02 07:40:00,112.64,429,0.0092,0
2024-01-02 07:45:00,77.04,257,0.0089,0
2024-01-02 07:50:00,116.32,417,0.0133,0
2024-01-02 07:55:00,106.78,297,0.0126,0
2024-01-02 08:00:00,130.67,450,0.0113,0
2024-01-02 08:05:00,72.41,406,0.0058,0
2024-01-02 08:10:00,137.83,403,0.012,0
2024-01-02 08:15:00,78.25,387,0.0066,0
2024-01-02 08:20:00,92.56,300,0.0097,0
2024-01-02 08:25:00,97.48,323,0.008,0
2024-01-02 08:30:00,110.49,214,0.0117,0
2024-01-02 08:35:00,91.89,331,0.0106,0
2024-01-02 08:40:00,156.25,260,0.0161,0
2024-01-02 08:45:00,105.61,246,0.012,0
2024-01-02 08:50:00,480.87,274,0.0392,1
2024-01-02 08:55:00,121.64,232,0.0112,0
2024-01-02 09:00:00,112.87,434,0.0126,0
2024-01-02 09:05:00,82.03,308,0.0086,0
2024-01-02 09:10:00,109.53,414,0.0105,0
2024-01-02 09:15:00,86.71,272,0.0091,0
2024-01-02 09:20:00,138.1,434,0.0111,0
2024-01-02 09:25:00,89.69,299,0.0092,0
2024-01-02 09:30:00,69.36,388,0.0072,0
2024-01-02 09:35:00,108.91,302,0.0097,0
2024-01-02 09:40:00,101.58,248,0.0081,0
2024-01-02 09:45:00,99.92,387,0.0084,0
2024-01-02 09:50:00,104.99,211,0.0095,0
2024-01-02 09:55:00,85.69,462,0.0088,0
2024-01-02 10:00:00,79.19,253,0.0088,0
2024-01-02 10:05:00,118.74,279,0.0106,0
2024-01-02 10:10:00,90.96,385,0.0095,0
2024-01-02 10:15:00,56.59,229,0.0057,0
2024-01-02 10:20:00,111.44,473,0.0101,0
2024-01-02 10:25:00,96.31,421,0.0101,0
2024-01-02 10:30:00,96.1,411,0.0107,0
2024-01-02 10:35:00,117.27,463,0.011,0
2024-01-02 10:40:00,79.81,242,0.0067,0
2024-01-02 10:45:00,129.02,366,0.0123,0
2024-01-02 10:50:00,85.89,411,0.0093,0
2024-01-02 10:55:00,81.92,375,0.0091,0
2024-01-02 11:00:00,57.83,70,0.0096,0
2024-01-02 11:05:00,56.18,64,0.0126,0
2024-01-02 11:10:00,61.07,58,0.0143,0
2024-01-02 11:15:00,36.24,198,0.0065,0
2024-01-02 11:20:00,40.23,103,0.0094,0
2024-01-02 11:25:00,42.1,51,0.0085,0
2024-01-02 11:30:00,47.44,106,0.0081,0
2024-01-02 11:35:00,50.96,106,0.0101,0
2024-01-02 11:40:00,54.1,61,0.0112,0
2024-01-02 11:45:00,63.2,60,0.011,0
2024-01-02 11:50:00,38.22,143,0.0089,0
2024-01-02 11:55:00,54.94,173,0.0128,0
2024-01-02 12:00:00,62.43,353,0.0127,0
2024-01-02 12:05:00,49.52,50,0.0117,0
2024-01-02 12:10:00,40.12,184,0.0071,0
2024-01-02 12:15:00,39.6,145,0.0077,0
2024-01-02 12:20:00,34.06,118,0.0062,0
2024-01-02 12:25:00,47.85,134,0.0107,0
2024-01-02 12:30:00,45.97,157,0.0107,0
2024-01-02 12:35:00,36.14,74,0.0071,0
2024-01-02 12:40:00,24.57,174,0.0053,1
2024-01-02 12:45:00,50.47,109,0.0086,0
2024-01-02 12:50:00,46.01,82,0.0094,0
2024-01-02 12:55:00,26.38,51,0.0051,1
2024-01-02 13:00:00,90.2,216,0.0083,0
2024-01-02 13:05:00,62.83,247,0.0066,0
2024-01-02 13:10:00,116.05,407,0.0109,0
2024-01-02 13:15:00,82.94,1253,0.0067,1
2024-01-02 13:20:00,86.91,204,0.008,0
2024-01-02 13:25:00,86.36,320,0.0093,0
2024-01-02 13:30:00,86.57,312,0.0097,0
2024-01-02 13:35:00,144.33,339,0.016,0
2024-01-02 13:40:00,74.14,349,0.008,0
2024-01-02 13:45:00,89.56,373,0.0079,0
2024-01-02 13:50:00,101.52,271,0.01,0
2024-01-02 13:55:00,141.54,222,0.0117,0
2024-01-02 14:00:00,79.32,492,0.007,0
2024-01-02 14:05:00,87.93,306,0.0099,0
2024-01-02 14:10:00,92.47,291,0.0099,0
2024-01-02 14:15:00,83.12,429,0.0077,0
2024-01-02 14:20:00,83.55,341,0.0092,0
2024-01-02 14:25:00,84.84,300,0.0077,0
2024-01-02 14:30:00,71.31,464,0.0057,0
2024-01-02 14:35:00,84.49,442,0.0098,0
2024-01-02 14:40:00,87.98,398,0.0101,0
2024-01-02 14:45:00,109.83,466,0.0104,0
2024-01-02 14:50:00,111.66,334,0.0119,0
2024-01-02 14:55:00,78.03,405,0.0067,0
2024-01-02 15:00:00,108.54,267,0.0129,0
2024-01-02 15:05:00,257.93,263,0.0261,1
2024-01-02 15:10:00,117.46,256,0.0133,0
2024-01-02 15:15:00,98.06,255,0.0114,0
2024-01-02 15:20:00,63.4,328,0.0061,0
2024-01-02 15:25:00,79.35,434,0.0067,0
2024-01-02 15:30:00,114.72,314,0.0099,0
2024-01-02 15:35:00,72.98,383,0.0064,0
2024-01-02 15:40:00,83.44,467,0.0089,0
2024-01-02 15:45:00,78.82,220,0.0094,0
2024-01-02 15:50:00,100.01,307,0.0116,0
2024-01-02 15:55:00,104.08,381,0.0094,0
2024-01-02 16:00:00,46.32,176,0.0088,0
2024-01-02 16:05:00,47.71,167,0.0101,0
2024-01-02 16:10:00,64.44,148,0.0131,0
2024-01-02 16:15:00,43.09,111,0.0091,0
2024-01-02 16:20:00,62.21,145,0.0141,0
2024-01-02 16:25:00,57.77,134,0.0136,0
2024-01-02 16:30:00,57.15,144,0.0122,0
2024-01-02 16:35:00,41.78,115,0.0094,0
2024-01-02 16:40:00,55.48,85,0.0119,0
2024-01-02 16:45:00,68.23,86,0.0139,0
2024-01-02 16:50:00,54.55,111,0.0121,0
2024-01-02 16:55:00,50.08,61,0.009,0
2024-01-02 17:00:00,68.4,172,0.0152,0
2024-01-02 17:05:00,57.61,82,0.0098,0
2024-01-02 17:10:00,42.05,183,0.0069,0
2024-01-02 17:15:00,53.32,96,0.0103,0
2024-01-02 17:20:00,56.5,137,0.0114,0
2024-01-02 17:25:00,54.81,148,0.0089,0
2024-01-02 17:30:00,49.1,155,0.0108,0
2024-01-02 17:35:00,54.22,83,0.0096,0
2024-01-02 17:40:00,40.58,157,0.0082,0
2024-01-02 17:45:00,52.36,73,0.0121,0
2024-01-02 17:50:00,78.38,69,0.0154,0
2024-01-02 17:55:00,49.89,52,0.0084,0
2024-01-02 18:00:00,166.13,829,0.0203,0
2024-01-02 18:05:00,143.41,543,0.0194,0
2024-01-02 18:10:00,154.51,544,0.0226,0
2024-01-02 18:15:00,168.36,844,0.0234,0
2024-01-02 18:20:00,158.04,611,0.0243,0
2024-01-02 18:25:00,197.11,813,0.0303,1
2024-01-02 18:30:00,173.83,803,0.0243,0
2024-01-02 18:35:00,169.39,905,0.0194,0
2024-01-02 18:40:00,169.99,664,0.0234,0
2024-01-02 18:45:00,139.15,637,0.0178,0
2024-01-02 18:50:00,143.88,912,0.018,0
2024-01-02 18:55:00,148.87,580,0.0208,0
2024-01-02 19:00:00,167.18,624,0.0244,0
2024-01-02 19:05:00,166.06,605,0.0212,0
2024-01-02 19:10:00,95.13,587,0.0103,0
2024-01-02 19:15:00,1069.18,554,0.1326,1
2024-01-02 19:20:00,185.03,642,0.0293,0
2024-01-02 19:25:00,166.74,873,0.0263,0
2024-01-02 19:30:00,178.86,877,0.0209,0
2024-01-02 19:35:00,973.16,760,0.144,1
2024-01-02 19:40:00,152.62,923,0.0199,0
2024-01-02 19:45:00,127.19,944,0.0178,0
2024-01-02 19:50:00,192.69,569,0.0229,0
2024-01-02 19:55:00,123.08,704,0.0164,0
2024-01-02 20:00:00,142.55,882,0.018,0
2024-01-02 20:05:00,197.68,705,0.0294,1
2024-01-02 20:10:00,229.2,719,0.0286,1
2024-01-02 20:15:00,151.85,521,0.0228,0
2024-01-02 20:20:00,141.86,738,0.0168,0
2024-01-02 20:25:00,125.91,602,0.0198,0
2024-01-02 20:30:00,127.39,668,0.0166,0
2024-01-02 20:35:00,131.72,904,0.0173,0
2024-01-02 20:40:00,151.73,809,0.0171,0
2024-01-02 20:45:00,88.26,907,0.0129,0
2024-01-02 20:50:00,110.57,855,0.0151,0
2024-01-02 20:55:00,117.2,927,0.0179,0
2024-01-02 21:00:00,189.01,809,0.03,1
2024-01-02 21:05:00,127.04,954,0.0155,0
2024-01-02 21:10:00,198.66,778,0.0262,0
2024-01-02 21:15:00,105.63,646,0.0122,0
2024-01-02 21:20:00,167.28,656,0.0255,0
2024-01-02 21:25:00,147.19,661,0.0227,0
2024-01-02 21:30:00,151.08,760,0.0189,0
2024-01-02 21:35:00,210.12,842,0.0239,0
2024-01-02 21:40:00,181.59,660,0.0242,0
2024-01-02 21:45:00,101.25,779,0.0146,0
2024-01-02 21:50:00,111.81,798,0.0178,0
2024-01-02 21:55:00,95.02,577,0.0139,0
2024-01-02 22:00:00,103.41,904,0.0159,0
2024-01-02 22:05:00,160.25,747,0.0241,0
2024-01-02 22:10:00,134.08,987,0.0188,0
2024-01-02 22:15:00,425.72,580,0.0618,1
2024-01-02 22:20:00,176.53,637,0.0251,0
2024-01-02 22:25:00,166.38,803,0.0203,0
2024-01-02 22:30:00,91.45,628,0.0105,0
2024-01-02 22:35:00,140.09,759,0.02,0
2024-01-02 22:40:00,171.24,768,0.0221,0
2024-01-02 22:45:00,148.8,592,0.0182,0
2024-01-02 22:50:00,149.31,850,0.0196,0
2024-01-02 22:55:00,148.14,706,0.0161,0
2024-01-02 23:00:00,307.37,816,0.0428,1
2024-01-02 23:05:00,348.1,957,0.0518,1
2024-01-02 23:10:00,107.01,858,0.0118,0
2024-01-02 23:15:00,125.2,813,0.0174,0
2024-01-02 23:20:00,117.83,792,0.0158,0
2024-01-02 23:25:00,160.25,573,0.0226,0
2024-01-02 23:30:00,139.48,802,0.0171,0
2024-01-02 23:35:00,172.35,964,0.0189,0
2024-01-02 23:40:00,110.09,783,0.0163,0
2024-01-02 23:45:00,126.25,929,0.0151,0
2024-01-02 23:50:00,224.97,747,0.0356,1
2024-01-02 23:55:00,121.04,712,0.0184,0
2024-01-03 00:00:00,61.65,156,0.0109,0
2024-01-03 00:05:00,46.35,126,0.0075,0
2024-01-03 00:10:00,34.95,92,0.0063,0
2024-01-03 00:15:00,45.07,53,0.0082,0
2024-01-03 00:20:00,50.57,112,0.0121,0
2024-01-03 00:25:00,47.88,143,0.0107,0
2024-01-03 00:30:00,52.2,159,0.0117,0
2024-01-03 00:35:00,51.89,149,0.0118,0
2024-01-03 00:40:00,45.2,100,0.0085,0
2024-01-03 00:45:00,45.7,56,0.0109,0
2024-01-03 00:50:00,44.03,187,0.0089,0
2024-01-03 00:55:00,46.26,135,0.0105,0
2024-01-03 01:00:00,56.01,142,0.0097,0
2024-01-03 01:05:00,40.71,57,0.0069,0
2024-01-03 01:10:00,26.32,144,0.0059,0
2024-01-03 01:15:00,63.41,184,0.0113,0
2024-01-03 01:20:00,31.14,100,0.0059,0
2024-01-03 01:25:00,59.04,106,0.0138,0
2024-01-03 01:30:00,58.1,127,0.0116,0
2024-01-03 01:35:00,45.18,173,0.0096,0
2024-01-03 01:40:00,54.66,172,0.0124,0
2024-01-03 01:45:00,38.25,69,0.0065,0
2024-01-03 01:50:00,56.48,177,0.012,0
2024-01-03 01:55:00,56.43,147,0.0097,0
2024-01-03 02:00:00,57.42,196,0.0106,0
2024-01-03 02:05:00,67.25,101,0.0131,0
2024-01-03 02:10:00,54.62,94,0.0105,0
2024-01-03 02:15:00,60.27,162,0.012,0
2024-01-03 02:20:00,46.52,174,0.0111,0
2024-01-03 02:25:00,56.85,133,0.0116,0
2024-01-03 02:30:00,64.15,195,0.0128,0
2024-01-03 02:35:00,46.62,67,0.0097,0
2024-01-03 02:40:00,42.4,144,0.0077,0
2024-01-03 02:45:00,41.11,70,0.0067,0
2024-01-03 02:50:00,38.62,96,0.0063,0
2024-01-03 02:55:00,47.13,74,0.0095,0
2024-01-03 03:00:00,44.21,163,0.0085,0
2024-01-03 03:05:00,43.74,195,0.0086,0
2024-01-03 03:10:00,66.34,109,0.0131,0
2024-01-03 03:15:00,65.85,192,0.0144,0
2024-01-03 03:20:00,61.87,137,0.0146,0
2024-01-03 03:25:00,38.79,164,0.0088,0
2024-01-03 03:30:00,35.45,171,0.0064,0
2024-01-03 03:35:00,46.38,196,0.0086,0
2024-01-03 03:40:00,52.46,104,0.0116,0
2024-01-03 03:45:00,53.96,88,0.0094,0
2024-01-03 03:50:00,40.18,162,0.0073,0
2024-01-03 03:55:00,47.29,70,0.0113,0
2024-01-03 04:00:00,52.89,84,0.0105,0
2024-01-03 04:05:00,49.23,89,0.0105,0
2024-01-03 04:10:00,68.94,114,0.0164,0
2024-01-03 04:15:00,53.25,130,0.0091,0
2024-01-03 04:20:00,45.9,92,0.0087,0
2024-01-03 04:25:00,44.86,153,0.0094,0
2024-01-03 04:30:00,56.91,113,0.0091,0
2024-01-03 04:35:00,41.75,52,0.0073,0
2024-01-03 04:40:00,56.52,151,0.0095,0
2024-01-03 04:45:00,62.59,83,0.0132,0
2024-01-03 04:50:00,37.37,101,0.0089,0
2024-01-03 04:55:00,37.89,61,0.0085,0
2024-01-03 05:00:00,69.62,113,0.0155,0
2024-01-03 05:05:00,38.5,112,0.008,0
2024-01-03 05:10:00,49.81,73,0.0092,0
2024-01-03 05:15:00,57.19,107,0.0122,0
2024-01-03 05:20:00,61.35,106,0.0106,0
2024-01-03 05:25:00,53.37,70,0.0086,0
2024-01-03 05:30:00,48.62,117,0.0081,0
2024-01-03 05:35:00,44.78,159,0.0098,0
2024-01-03 05:40:00,61.68,137,0.0147,0
2024-01-03 05:45:00,49.92,54,0.0115,0
2024-01-03 05:50:00,39.32,156,0.0082,0
2024-01-03 05:55:00,48.33,116,0.0112,0
2024-01-03 06:00:00,97.73,323,0.0113,0
2024-01-03 06:05:00,103.0,365,0.0119,0
2024-01-03 06:10:00,31.64,908,0.0029,1
2024-01-03 06:15:00,89.51,459,0.0084,0
2024-01-03 06:20:00,90.43,316,0.0092,0
2024-01-03 06:25:00,122.41,475,0.0114,0
2024-01-03 06:30:00,112.05,375,0.0096,0
2024-01-03 06:35:00,144.47,434,0.0157,0
2024-01-03 06:40:00,123.83,302,0.0148,0
2024-01-03 06:45:00,88.82,205,0.0095,0
2024-01-03 06:50:00,77.5,277,0.0064,0
2024-01-03 06:55:00,76.97,232,0.0087,0
2024-01-03 07:00:00,91.1,432,0.0073,0
2024-01-03 07:05:00,118.91,224,0.0104,0
2024-01-03 07:10:00,39.25,477,0.0037,1
2024-01-03 07:15:00,129.94,454,0.0116,0
2024-01-03 07:20:00,90.69,421,0.0093,0
2024-01-03 07:25:00,77.1,452,0.007,0
2024-01-03 07:30:00,89.84,252,0.0104,0
2024-01-03 07:35:00,94.66,330,0.0081,0
2024-01-03 07:40:00,100.03,455,0.0089,0
2024-01-03 07:45:00,86.78,438,0.01,0
2024-01-03 07:50:00,90.17,242,0.0101,0
2024-01-03 07:55:00,76.71,218,0.0069,0
2024-01-03 08:00:00,123.75,387,0.0107,0
2024-01-03 08:05:00,42.92,214,0.0042,0
2024-01-03 08:10:00,79.34,292,0.0064,0
2024-01-03 08:15:00,88.63,316,0.0106,0
2024-01-03 08:20:00,84.25,270,0.0077,0
2024-01-03 08:25:00,114.37,343,0.0111,0
2024-01-03 08:30:00,97.76,286,0.0102,0
2024-01-03 08:35:00,95.72,405,0.0095,0
2024-01-03 08:40:00,110.73,350,0.0127,0
2024-01-03 08:45:00,103.15,258,0.0118,0
2024-01-03 08:50:00,110.23,236,0.0128,0
2024-01-03 08:55:00,113.82,441,0.0132,0
2024-01-03 09:00:00,60.96,451,0.0065,0
2024-01-03 09:05:00,101.74,480,0.0119,0
2024-01-03 09:10:00,73.5,262,0.0063,0
2024-01-03 09:15:00,85.73,253,0.0097,0
2024-01-03 09:20:00,115.43,436,0.0127,0
2024-01-03 09:25:00,83.56,290,0.0085,0
2024-01-03 09:30:00,119.13,208,0.0122,0
2024-01-03 09:35:00,61.72,1001,0.007,1
2024-01-03 09:40:00,92.97,382,0.0086,0
2024-01-03 09:45:00,146.12,245,0.0167,0
2024-01-03 09:50:00,88.64,281,0.0082,0
2024-01-03 09:55:00,97.77,207,0.0096,0
2024-01-03 10:00:00,122.62,412,0.0106,0
2024-01-03 10:05:00,124.83,430,0.011,0
2024-01-03 10:10:00,99.83,373,0.0089,0
2024-01-03 10:15:00,254.95,407,0.0235,1
2024-01-03 10:20:00,142.61,397,0.012,0
2024-01-03 10:25:00,132.18,464,0.0143,0
2024-01-03 10:30:00,101.92,366,0.0099,0
2024-01-03 10:35:00,77.29,443,0.0083,0
2024-01-03 10:40:00,101.8,363,0.0091,0
2024-01-03 10:45:00,118.84,344,0.0113,0
2024-01-03 10:50:00,108.5,306,0.0108,0
2024-01-03 10:55:00,83.18,331,0.0093,0
2024-01-03 11:00:00,52.94,198,0.0106,0
2024-01-03 11:05:00,48.58,185,0.009,0
2024-01-03 11:10:00,40.45,154,0.0081,0
2024-01-03 11:15:00,39.84,183,0.0077,0
2024-01-03 11:20:00,47.57,192,0.0085,0
2024-01-03 11:25:00,42.77,83,0.0076,0
2024-01-03 11:30:00,30.03,79,0.0057,0
2024-01-03 11:35:00,38.16,167,0.0073,0
2024-01-03 11:40:00,52.62,160,0.0085,0
2024-01-03 11:45:00,39.23,82,0.0072,0
2024-01-03 11:50:00,34.15,187,0.0081,0
2024-01-03 11:55:00,55.67,184,0.01,0
2024-01-03 12:00:00,52.94,51,0.0123,0
2024-01-03 12:05:00,58.72,144,0.0096,0
2024-01-03 12:10:00,51.26,117,0.0093,0
2024-01-03 12:15:00,51.01,179,0.0086,0
2024-01-03 12:20:00,39.07,66,0.0092,0
2024-01-03 12:25:00,24.62,134,0.0057,1
2024-01-03 12:30:00,58.1,168,0.0108,0
2024-01-03 12:35:00,30.58,168,0.005,0
2024-01-03 12:40:00,51.24,78,0.0108,0
2024-01-03 12:45:00,55.49,55,0.0116,0
2024-01-03 12:50:00,33.51,149,0.0059,0
2024-01-03 12:55:00,47.19,157,0.0103,0
2024-01-03 13:00:00,95.53,477,0.0081,0
2024-01-03 13:05:00,149.48,297,0.0169,0
2024-01-03 13:10:00,80.08,395,0.0089,0
2024-01-03 13:15:00,120.05,326,0.0127,0
2024-01-03 13:20:00,118.59,238,0.0095,0
2024-01-03 13:25:00,91.58,385,0.0099,0
2024-01-03 13:30:00,101.52,1010,0.0092,0
2024-01-03 13:35:00,117.38,440,0.0105,0
2024-01-03 13:40:00,85.78,423,0.0092,0
2024-01-03 13:45:00,65.85,330,0.0068,0
2024-01-03 13:50:00,112.68,261,0.0117,0
2024-01-03 13:55:00,101.63,202,0.0111,0
2024-01-03 14:00:00,96.21,218,0.0089,0
2024-01-03 14:05:00,135.29,394,0.0111,0
2024-01-03 14:10:00,70.88,405,0.0076,0
2024-01-03 14:15:00,122.4,417,0.0142,0
2024-01-03 14:20:00,97.13,464,0.0088,0
2024-01-03 14:25:00,101.61,276,0.0083,0
2024-01-03 14:30:00,64.18,559,0.0075,0
2024-01-03 14:35:00,118.02,342,0.0105,0
2024-01-03 14:40:00,73.36,273,0.0075,0
2024-01-03 14:45:00,139.72,478,0.0114,0
2024-01-03 14:50:00,83.82,326,0.0083,0
2024-01-03 14:55:00,102.95,344,0.0118,0
2024-01-03 15:00:00,81.71,225,0.0077,0
2024-01-03 15:05:00,105.54,216,0.0093,0
2024-01-03 15:10:00,80.06,370,0.0092,0
2024-01-03 15:15:00,103.31,424,0.0114,0
2024-01-03 15:20:00,88.0,271,0.0096,0
2024-01-03 15:25:00,96.59,247,0.0111,0
2024-01-03 15:30:00,130.36,312,0.014,0
2024-01-03 15:35:00,87.4,208,0.0075,0
2024-01-03 15:40:00,116.51,312,0.0132,0
2024-01-03 15:45:00,111.1,205,0.0098,0
2024-01-03 15:50:00,110.01,213,0.0093,0
2024-01-03 15:55:00,85.33,410,0.007,0
2024-01-03 16:00:00,52.56,122,0.0089,0
2024-01-03 16:05:00,53.66,123,0.0089,0
2024-01-03 16:10:00,42.7,192,0.0099,0
2024-01-03 16:15:00,48.42,119,0.0092,0
2024-01-03 16:20:00,65.39,197,0.0128,0
2024-01-03 16:25:00,74.24,84,0.0173,0
2024-01-03 16:30:00,56.55,61,0.0134,0
2024-01-03 16:35:00,34.49,168,0.0082,0
2024-01-03 16:40:00,45.75,63,0.0078,0
2024-01-03 16:45:00,35.55,172,0.0077,0
2024-01-03 16:50:00,54.26,120,0.0095,0
2024-01-03 16:55:00,56.27,158,0.0119,0
2024-01-03 17:00:00,59.08,71,0.01,0
2024-01-03 17:05:00,38.49,122,0.0081,0
2024-01-03 17:10:00,68.17,117,0.0153,0
2024-01-03 17:15:00,60.79,121,0.0114,0
2024-01-03 17:20:00,54.3,96,0.0104,0
2024-01-03 17:25:00,34.55,143,0.006,0
2024-01-03 17:30:00,47.29,128,0.0088,0
2024-01-03 17:35:00,44.25,119,0.0092,0
2024-01-03 17:40:00,44.41,53,0.0105,0
2024-01-03 17:45:00,48.01,162,0.0104,0
2024-01-03 17:50:00,59.11,155,0.0134,0
2024-01-03 17:55:00,63.56,166,0.0141,0
2024-01-03 18:00:00,61.91,634,0.0074,0
2024-01-03 18:05:00,221.2,922,0.0343,1
2024-01-03 18:10:00,179.39,2028,0.0205,1
2024-01-03 18:15:00,162.43,930,0.0211,0
2024-01-03 18:20:00,143.95,876,0.0217,0
2024-01-03 18:25:00,103.5,518,0.0148,0
2024-01-03 18:30:00,174.44,651,0.0246,0
2024-01-03 18:35:00,181.49,509,0.0246,0
2024-01-03 18:40:00,185.47,600,0.0254,0
2024-01-03 18:45:00,164.75,639,0.0258,0
2024-01-03 18:50:00,221.43,912,0.0321,1
2024-01-03 18:55:00,99.24,894,0.0114,0
2024-01-03 19:00:00,89.04,562,0.0098,0
2024-01-03 19:05:00,135.56,695,0.0199,0
2024-01-03 19:10:00,181.19,921,0.0243,0
2024-01-03 19:15:00,128.69,748,0.014,0
2024-01-03 19:20:00,138.33,722,0.0196,0
2024-01-03 19:25:00,161.69,989,0.0194,0
2024-01-03 19:30:00,145.97,782,0.0193,0
2024-01-03 19:35:00,178.1,822,0.0218,0
2024-01-03 19:40:00,156.01,956,0.017,0
2024-01-03 19:45:00,139.42,838,0.0195,0
2024-01-03 19:50:00,148.25,919,0.0163,0
2024-01-03 19:55:00,169.5,898,0.0189,0
2024-01-03 20:00:00,148.59,921,0.0212,0
2024-01-03 20:05:00,148.99,718,0.0207,0
2024-01-03 20:10:00,173.84,788,0.023,0
2024-01-03 20:15:00,168.55,958,0.0219,0
2024-01-03 20:20:00,111.97,960,0.0169,0
2024-01-03 20:25:00,179.16,877,0.0198,0
2024-01-03 20:30:00,146.55,735,0.0167,0
2024-01-03 20:35:00,107.9,714,0.0117,0
2024-01-03 20:40:00,257.29,714,0.0388,1
2024-01-03 20:45:00,158.12,504,0.018,0
2024-01-03 20:50:00,103.8,959,0.0136,0
2024-01-03 20:55:00,141.0,885,0.0199,0
2024-01-03 21:00:00,104.09,564,0.0122,0
2024-01-03 21:05:00,101.95,624,0.0139,0
2024-01-03 21:10:00,150.42,611,0.0231,0
2024-01-03 21:15:00,163.74,645,0.025,0
2024-01-03 21:20:00,166.34,732,0.0221,0
2024-01-03 21:25:00,154.69,653,0.0182,0
2024-01-03 21:30:00,167.24,681,0.0233,0
2024-01-03 21:35:00,155.35,597,0.0186,0
2024-01-03 21:40:00,206.26,784,0.0289,1
2024-01-03 21:45:00,161.84,580,0.0187,0
2024-01-03 21:50:00,173.68,938,0.027,0
2024-01-03 21:55:00,147.57,585,0.018,0
2024-01-03 22:00:00,212.02,896,0.0286,1
2024-01-03 22:05:00,146.67,754,0.0205,0
2024-01-03 22:10:00,135.22,685,0.0168,0
2024-01-03 22:15:00,141.0,712,0.0155,0
2024-01-03 22:20:00,137.51,556,0.0149,0
2024-01-03 22:25:00,117.54,958,0.0143,0
2024-01-03 22:30:00,114.55,867,0.0143,0
2024-01-03 22:35:00,280.83,853,0.0321,1
2024-01-03 22:40:00,185.08,747,0.0224,0
2024-01-03 22:45:00,135.52,751,0.0166,0
2024-01-03 22:50:00,200.64,662,0.0301,1
2024-01-03 22:55:00,110.69,822,0.0151,0
2024-01-03 23:00:00,123.06,961,0.0181,0
2024-01-03 23:05:00,142.75,524,0.0191,0
2024-01-03 23:10:00,152.41,675,0.0228,0
2024-01-03 23:15:00,112.0,949,0.0178,0
2024-01-03 23:20:00,148.35,989,0.0192,0
2024-01-03 23:25:00,155.97,728,0.0236,0
2024-01-03 23:30:00,130.87,813,0.0194,0
2024-01-03 23:35:00,105.05,894,0.0125,0
2024-01-03 23:40:00,181.06,971,0.0282,1
2024-01-03 23:45:00,125.88,517,0.0201,0
2024-01-03 23:50:00,193.62,594,0.023,0
2024-01-03 23:55:00,146.29,822,0.0202,0
2024-01-04 00:00:00,62.43,159,0.0149,0
2024-01-04 00:05:00,47.33,89,0.0113,0
2024-01-04 00:10:00,48.84,79,0.0092,0
2024-01-04 00:15:00,39.28,193,0.0087,0
2024-01-04 00:20:00,42.03,136,0.0091,0
2024-01-04 00:25:00,51.58,156,0.0096,0
2024-01-04 00:30:00,50.05,104,0.0115,0
2024-01-04 00:35:00,39.48,88,0.0088,0
2024-01-04 00:40:00,46.11,191,0.01,0
2024-01-04 00:45:00,60.87,145,0.0139,0
2024-01-04 00:50:00,47.91,118,0.0097,0
2024-01-04 00:55:00,44.48,55,0.0076,0
2024-01-04 01:00:00,58.23,137,0.0117,0
2024-01-04 01:05:00,53.3,165,0.0086,0
2024-01-04 01:10:00,50.37,429,0.0115,0
2024-01-04 01:15:00,47.41,121,0.0097,0
2024-01-04 01:20:00,47.99,132,0.0098,0
2024-01-04 01:25:00,60.65,167,0.0145,0
2024-01-04 01:30:00,39.01,177,0.0066,0
2024-01-04 01:35:00,45.83,89,0.0099,0
2024-01-04 01:40:00,37.25,170,0.0065,0
2024-01-04 01:45:00,49.33,109,0.0104,0
2024-01-04 01:50:00,59.96,61,0.01,0
2024-01-04 01:55:00,49.91,199,0.0119,0
2024-01-04 02:00:00,59.87,171,0.0108,0
2024-01-04 02:05:00,53.71,149,0.0117,0
2024-01-04 02:10:00,37.97,87,0.0087,0
2024-01-04 02:15:00,50.79,89,0.0089,0
2024-01-04 02:20:00,42.12,103,0.0078,0
2024-01-04 02:25:00,50.41,81,0.0107,0
2024-01-04 02:30:00,42.39,95,0.0099,0
2024-01-04 02:35:00,40.61,106,0.007,0
2024-01-04 02:40:00,53.72,195,0.0114,0
2024-01-04 02:45:00,53.77,85,0.0113,0
2024-01-04 02:50:00,57.16,57,0.011,0
2024-01-04 02:55:00,53.62,313,0.0089,0
2024-01-04 03:00:00,51.37,194,0.0122,0
2024-01-04 03:05:00,54.54,95,0.0096,0
2024-01-04 03:10:00,51.15,130,0.0109,0
2024-01-04 03:15:00,46.44,95,0.008,0
2024-01-04 03:20:00,111.2,187,0.0238,1
2024-01-04 03:25:00,48.39,107,0.0111,0
2024-01-04 03:30:00,46.33,139,0.0087,0
2024-01-04 03:35:00,62.16,133,0.0128,0
2024-01-04 03:40:00,50.56,78,0.0112,0
2024-01-04 03:45:00,47.92,110,0.0113,0
2024-01-04 03:50:00,60.55,95,0.0136,0
2024-01-04 03:55:00,59.99,99,0.0108,0
2024-01-04 04:00:00,46.01,118,0.0101,0
2024-01-04 04:05:00,40.54,117,0.0078,0
2024-01-04 04:10:00,51.16,199,0.0119,0
2024-01-04 04:15:00,59.52,199,0.0106,0
2024-01-04 04:20:00,53.49,56,0.0119,0
2024-01-04 04:25:00,77.69,58,0.0178,0
2024-01-04 04:30:00,57.36,130,0.0129,0
2024-01-04 04:35:00,54.09,135,0.0116,0
2024-01-04 04:40:00,35.35,125,0.0072,0
2024-01-04 04:45:00,58.41,172,0.0104,0
2024-01-04 04:50:00,196.84,111,0.036,1
2024-01-04 04:55:00,37.07,167,0.0074,0
2024-01-04 05:00:00,57.78,62,0.0121,0
2024-01-04 05:05:00,58.06,79,0.013,0
2024-01-04 05:10:00,44.29,152,0.008,0
2024-01-04 05:15:00,47.48,182,0.0112,0
2024-01-04 05:20:00,71.67,161,0.0118,0
2024-01-04 05:25:00,57.54,121,0.0132,0
2024-01-04 05:30:00,45.42,129,0.0085,0
2024-01-04 05:35:00,55.54,141,0.0121,0
2024-01-04 05:40:00,55.67,131,0.0122,0
2024-01-04 05:45:00,43.72,110,0.0074,0
2024-01-04 05:50:00,25.47,197,0.0043,1
2024-01-04 05:55:00,32.99,123,0.0069,0
2024-01-04 06:00:00,67.85,498,0.0058,0
2024-01-04 06:05:00,119.32,423,0.0137,0
2024-01-04 06:10:00,41.89,381,0.0037,0
2024-01-04 06:15:00,92.26,218,0.011,0
2024-01-04 06:20:00,87.31,468,0.01,0
2024-01-04 06:25:00,94.24,361,0.0091,0
2024-01-04 06:30:00,118.9,419,0.0097,0
2024-01-04 06:35:00,97.43,479,0.011,0
2024-01-04 06:40:00,76.17,384,0.0077,0
2024-01-04 06:45:00,78.66,411,0.0085,0
2024-01-04 06:50:00,294.87,298,0.0265,1
2024-01-04 06:55:00,90.66,388,0.0091,0
2024-01-04 07:00:00,104.01,433,0.0116,0
2024-01-04 07:05:00,658.23,258,0.0548,1
2024-01-04 07:10:00,115.79,391,0.0131,0
2024-01-04 07:15:00,91.59,335,0.0108,0
2024-01-04 07:20:00,135.26,223,0.0122,0
2024-01-04 07:25:00,78.4,460,0.007,0
2024-01-04 07:30:00,1230.26,231,0.1346,1
2024-01-04 07:35:00,136.02,431,0.0121,0
2024-01-04 07:40:00,77.58,213,0.007,0
2024-01-04 07:45:00,67.64,326,0.0078,0
2024-01-04 07:50:00,51.56,408,0.0053,0
2024-01-04 07:55:00,131.54,466,0.0124,0
2024-01-04 08:00:00,85.13,329,0.0082,0
2024-01-04 08:05:00,103.88,293,0.0119,0
2024-01-04 08:10:00,75.02,248,0.0067,0
2024-01-04 08:15:00,91.49,477,0.0106,0
2024-01-04 08:20:00,120.31,361,0.0141,0
2024-01-04 08:25:00,104.82,470,0.0095,0
2024-01-04 08:30:00,148.07,300,0.0122,0
2024-01-04 08:35:00,106.97,310,0.01,0
2024-01-04 08:40:00,97.93,262,0.0101,0
2024-01-04 08:45:00,77.96,398,0.0067,0
2024-01-04 08:50:00,93.73,472,0.0087,0
2024-01-04 08:55:00,99.8,378,0.0087,0
2024-01-04 09:00:00,85.86,377,0.0085,0
2024-01-04 09:05:00,96.38,201,0.0083,0
2024-01-04 09:10:00,76.2,309,0.0079,0
2024-01-04 09:15:00,118.35,391,0.0109,0
2024-01-04 09:20:00,141.91,393,0.0122,0
2024-01-04 09:25:00,126.22,241,0.0144,0
2024-01-04 09:30:00,113.37,220,0.0096,0
2024-01-04 09:35:00,130.08,476,0.0105,0
2024-01-04 09:40:00,96.25,216,0.0106,0
2024-01-04 09:45:00,82.09,425,0.0073,0
2024-01-04 09:50:00,125.87,378,0.0118,0
2024-01-04 09:55:00,109.92,424,0.0127,0
2024-01-04 10:00:00,124.36,304,0.0138,0
2024-01-04 10:05:00,74.18,461,0.0061,0
2024-01-04 10:10:00,62.38,364,0.0069,0
2024-01-04 10:15:00,80.7,449,0.0083,0
2024-01-04 10:20:00,117.09,382,0.011,0
2024-01-04 10:25:00,118.93,220,0.0107,0
2024-01-04 10:30:00,111.69,309,0.0107,0
2024-01-04 10:35:00,104.64,436,0.0097,0
2024-01-04 10:40:00,74.41,465,0.0077,0
2024-01-04 10:45:00,97.77,356,0.0096,0
2024-01-04 10:50:00,77.21,447,0.0077,0
2024-01-04 10:55:00,123.69,445,0.0147,0
2024-01-04 11:00:00,69.62,86,0.0115,0
2024-01-04 11:05:00,69.42,67,0.0149,0
2024-01-04 11:10:00,59.07,163,0.0136,0
2024-01-04 11:15:00,42.36,119,0.0095,0
2024-01-04 11:20:00,58.46,159,0.0095,0
2024-01-04 11:25:00,50.72,96,0.0087,0
2024-01-04 11:30:00,41.87,150,0.0098,0
2024-01-04 11:35:00,38.41,131,0.0075,0
2024-01-04 11:40:00,55.65,51,0.0122,0
2024-01-04 11:45:00,62.42,104,0.0145,0
2024-01-04 11:50:00,42.41,142,0.0085,0
2024-01-04 11:55:00,46.86,74,0.0103,0
2024-01-04 12:00:00,50.56,97,0.012,0
2024-01-04 12:05:00,33.75,156,0.007,0
2024-01-04 12:10:00,87.78,135,0.0193,1
2024-01-04 12:15:00,44.33,170,0.0079,0
2024-01-04 12:20:00,36.8,57,0.0086,0
2024-01-04 12:25:00,64.31,185,0.0136,0
2024-01-04 12:30:00,52.48,84,0.0091,0
2024-01-04 12:35:00,40.61,181,0.0087,0
2024-01-04 12:40:00,45.6,79,0.0076,0
2024-01-04 12:45:00,57.63,190,0.0109,0
2024-01-04 12:50:00,30.99,97,0.006,0
2024-01-04 12:55:00,38.71,157,0.0063,0
2024-01-04 13:00:00,102.85,295,0.0121,0
2024-01-04 13:05:00,74.08,405,0.0062,0
2024-01-04 13:10:00,103.51,325,0.0124,0
2024-01-04 13:15:00,93.78,297,0.0082,0
2024-01-04 13:20:00,90.87,214,0.0077,0
2024-01-04 13:25:00,140.71,316,0.0155,0
2024-01-04 13:30:00,116.94,297,0.0115,0
2024-01-04 13:35:00,124.17,350,0.012,0
2024-01-04 13:40:00,111.07,332,0.0118,0
2024-01-04 13:45:00,113.81,436,0.0121,0
2024-01-04 13:50:00,87.35,201,0.0086,0
2024-01-04 13:55:00,110.52,485,0.0104,0
2024-01-04 14:00:00,109.77,450,0.0126,0
2024-01-04 14:05:00,118.72,356,0.0119,0
2024-01-04 14:10:00,125.73,314,0.0126,0
2024-01-04 14:15:00,121.24,468,0.0105,0
2024-01-04 14:20:00,70.61,484,0.0069,0
2024-01-04 14:25:00,94.75,285,0.0099,0
2024-01-04 14:30:00,111.01,450,0.0116,0
2024-01-04 14:35:00,95.86,377,0.0092,0
2024-01-04 14:40:00,103.39,441,0.01,0
2024-01-04 14:45:00,90.55,353,0.0098,0
2024-01-04 14:50:00,116.59,294,0.011,0
2024-01-04 14:55:00,91.9,304,0.0106,0
2024-01-04 15:00:00,64.64,334,0.0053,0
2024-01-04 15:05:00,107.11,242,0.0114,0
2024-01-04 15:10:00,113.43,229,0.0107,0
2024-01-04 15:15:00,96.43,200,0.0091,0
2024-01-04 15:20:00,118.41,304,0.0099,0
2024-01-04 15:25:00,110.56,482,0.0103,0
2024-01-04 15:30:00,84.23,340,0.0093,0
2024-01-04 15:35:00,126.94,451,0.0116,0
2024-01-04 15:40:00,60.94,240,0.0055,0
2024-01-04 15:45:00,105.73,243,0.01,0
2024-01-04 15:50:00,112.45,392,0.0097,0
2024-01-04 15:55:00,109.27,317,0.0107,0
2024-01-04 16:00:00,52.58,71,0.0085,0
2024-01-04 16:05:00,57.75,130,0.0131,0
2024-01-04 16:10:00,40.14,94,0.0067,0
2024-01-04 16:15:00,47.03,63,0.0087,0
2024-01-04 16:20:00,40.85,68,0.0095,0
2024-01-04 16:25:00,58.38,100,0.0124,0
2024-01-04 16:30:00,65.52,169,0.0124,0
2024-01-04 16:35:00,46.96,170,0.0079,0
2024-01-04 16:40:00,66.45,154,0.0123,0
2024-01-04 16:45:00,47.93,101,0.0106,0
2024-01-04 16:50:00,42.04,55,0.0082,0
2024-01-04 16:55:00,55.66,188,0.0124,0
2024-01-04 17:00:00,48.24,108,0.0098,0
2024-01-04 17:05:00,62.44,189,0.0112,0
2024-01-04 17:10:00,38.3,172,0.0087,0
2024-01-04 17:15:00,49.7,76,0.009,0
2024-01-04 17:20:00,52.37,104,0.0094,0
2024-01-04 17:25:00,55.28,93,0.0127,0
2024-01-04 17:30:00,52.5,70,0.009,0
2024-01-04 17:35:00,61.38,76,0.0128,0
2024-01-04 17:40:00,43.01,114,0.0077,0
2024-01-04 17:45:00,39.56,100,0.0091,0
2024-01-04 17:50:00,58.29,111,0.0133,0
2024-01-04 17:55:00,45.27,167,0.0095,0
2024-01-04 18:00:00,155.82,864,0.0179,0
2024-01-04 18:05:00,136.86,947,0.0217,0
2024-01-04 18:10:00,174.52,588,0.0205,0
2024-01-04 18:15:00,148.31,686,0.0205,0
2024-01-04 18:20:00,202.09,778,0.0247,0
2024-01-04 18:25:00,127.45,674,0.0197,0
2024-01-04 18:30:00,147.67,799,0.0164,0
2024-01-04 18:35:00,714.84,682,0.0835,1
2024-01-04 18:40:00,334.37,609,0.0445,1
2024-01-04 18:45:00,178.41,733,0.0234,0
2024-01-04 18:50:00,151.87,803,0.0232,0
2024-01-04 18:55:00,180.68,778,0.0206,0
2024-01-04 19:00:00,173.33,565,0.0247,0
2024-01-04 19:05:00,167.8,906,0.0212,0
2024-01-04 19:10:00,169.71,757,0.0208,0
2024-01-04 19:15:00,145.82,659,0.0199,0
2024-01-04 19:20:00,163.81,677,0.0243,0
2024-01-04 19:25:00,162.42,2683,0.0175,1
2024-01-04 19:30:00,108.98,556,0.0123,0
2024-01-04 19:35:00,125.58,984,0.0135,0
2024-01-04 19:40:00,258.44,807,0.0331,1
2024-01-04 19:45:00,89.01,987,0.0109,1
2024-01-04 19:50:00,178.69,644,0.0276,0
2024-01-04 19:55:00,166.84,758,0.0261,0
2024-01-04 20:00:00,120.88,3032,0.0189,1
2024-01-04 20:05:00,148.73,868,0.017,0
2024-01-04 20:10:00,171.7,717,0.0184,0
2024-01-04 20:15:00,936.56,953,0.121,1
2024-01-04 20:20:00,164.4,913,0.0241,0
2024-01-04 20:25:00,155.23,970,0.0242,0
2024-01-04 20:30:00,179.49,934,0.0204,0
2024-01-04 20:35:00,151.08,714,0.0208,0
2024-01-04 20:40:00,115.95,511,0.0162,0
2024-01-04 20:45:00,143.7,582,0.0173,0
2024-01-04 20:50:00,152.89,873,0.0199,0
2024-01-04 20:55:00,254.3,977,0.0311,1
2024-01-04 21:00:00,347.92,558,0.0517,1
2024-01-04 21:05:00,158.89,824,0.0207,0
2024-01-04 21:10:00,114.1,522,0.016,0
2024-01-04 21:15:00,149.77,780,0.0169,0
2024-01-04 21:20:00,180.24,973,0.0244,0
2024-01-04 21:25:00,159.8,792,0.0249,0
2024-01-04 21:30:00,191.13,667,0.0282,0
2024-01-04 21:35:00,196.63,841,0.0295,1
2024-01-04 21:40:00,175.43,776,0.0233,0
2024-01-04 21:45:00,132.99,514,0.0144,0
2024-01-04 21:50:00,146.4,946,0.0199,0
2024-01-04 21:55:00,196.76,620,0.0214,0
2024-01-04 22:00:00,117.83,829,0.0184,0
2024-01-04 22:05:00,198.53,530,0.0249,0
2024-01-04 22:10:00,180.59,957,0.0206,0
2024-01-04 22:15:00,133.2,835,0.0154,0
2024-01-04 22:20:00,185.55,637,0.0296,1
2024-01-04 22:25:00,172.68,743,0.0188,0
2024-01-04 22:30:00,160.73,577,0.022,0
2024-01-04 22:35:00,126.55,930,0.0139,0
2024-01-04 22:40:00,158.38,747,0.0196,0
2024-01-04 22:45:00,212.0,732,0.0287,1
2024-01-04 22:50:00,148.98,793,0.0162,0
2024-01-04 22:55:00,131.17,793,0.0202,0
2024-01-04 23:00:00,130.15,970,0.0139,0
2024-01-04 23:05:00,108.53,869,0.017,0
2024-01-04 23:10:00,133.24,898,0.0198,0
2024-01-04 23:15:00,136.18,853,0.017,0
2024-01-04 23:20:00,144.39,675,0.022,0
2024-01-04 23:25:00,224.39,934,0.0277,1
2024-01-04 23:30:00,125.15,929,0.019,0
2024-01-04 23:35:00,165.02,790,0.0231,0
2024-01-04 23:40:00,129.3,967,0.0194,0
2024-01-04 23:45:00,203.79,674,0.0227,0
2024-01-04 23:50:00,120.44,929,0.0183,0
2024-01-04 23:55:00,116.47,964,0.0131,0
2024-01-05 00:00:00,35.41,121,0.0082,0
2024-01-05 00:05:00,46.33,83,0.0111,0
2024-01-05 00:10:00,69.13,119,0.0122,0
2024-01-05 00:15:00,54.08,192,0.0098,0
2024-01-05 00:20:00,72.68,114,0.0153,0
2024-01-05 00:25:00,54.25,179,0.0117,0
2024-01-05 00:30:00,47.93,91,0.0094,0
2024-01-05 00:35:00,42.42,141,0.0098,0
2024-01-05 00:40:00,58.49,134,0.0133,0
2024-01-05 00:45:00,136.45,165,0.0323,1
2024-01-05 00:50:00,41.76,104,0.0075,0
2024-01-05 00:55:00,52.77,193,0.0089,0
2024-01-05 01:00:00,49.12,157,0.0098,0
2024-01-05 01:05:00,56.89,79,0.0102,0
2024-01-05 01:10:00,43.41,105,0.0095,0
2024-01-05 01:15:00,47.66,130,0.0094,0
2024-01-05 01:20:00,49.33,105,0.0095,0
2024-01-05 01:25:00,52.63,143,0.0111,0
2024-01-05 01:30:00,48.36,82,0.0102,0
2024-01-05 01:35:00,61.96,195,0.0133,0
2024-01-05 01:40:00,54.5,116,0.0126,0
2024-01-05 01:45:00,48.1,148,0.0101,0
2024-01-05 01:50:00,58.95,94,0.0141,0
2024-01-05 01:55:00,82.53,180,0.0143,0
2024-01-05 02:00:00,36.49,76,0.0077,0
2024-01-05 02:05:00,55.81,83,0.0106,0
2024-01-05 02:10:00,47.55,86,0.0114,0
2024-01-05 02:15:00,62.81,135,0.0108,0
2024-01-05 02:20:00,40.4,161,0.0092,0
2024-01-05 02:25:00,49.87,73,0.0084,0
2024-01-05 02:30:00,64.13,186,0.0141,0
2024-01-05 02:35:00,47.41,120,0.0103,0
2024-01-05 02:40:00,64.9,191,0.0137,0
2024-01-05 02:45:00,43.39,58,0.0103,0
2024-01-05 02:50:00,44.86,75,0.0073,0
2024-01-05 02:55:00,33.18,170,0.0073,0
2024-01-05 03:00:00,49.29,88,0.0117,0
2024-01-05 03:05:00,47.4,159,0.0107,0
2024-01-05 03:10:00,46.64,93,0.0103,0
2024-01-05 03:15:00,55.48,196,0.0113,0
2024-01-05 03:20:00,50.63,64,0.0105,0
2024-01-05 03:25:00,51.85,138,0.0123,0
2024-01-05 03:30:00,62.0,72,0.0124,0
2024-01-05 03:35:00,37.89,190,0.0091,0
2024-01-05 03:40:00,44.57,109,0.0076,0
2024-01-05 03:45:00,57.61,98,0.0107,0
2024-01-05 03:50:00,55.63,101,0.0114,0
2024-01-05 03:55:00,64.09,53,0.0149,0
2024-01-05 04:00:00,53.56,98,0.0128,0
2024-01-05 04:05:00,55.15,197,0.0129,0
2024-01-05 04:10:00,59.47,197,0.0101,0
2024-01-05 04:15:00,59.56,131,0.0099,0
2024-01-05 04:20:00,56.85,101,0.0104,0
2024-01-05 04:25:00,54.05,95,0.0097,0
2024-01-05 04:30:00,53.33,110,0.0122,0
2024-01-05 04:35:00,51.64,123,0.0121,0
2024-01-05 04:40:00,48.82,106,0.01,0
2024-01-05 04:45:00,40.33,123,0.0092,0
2024-01-05 04:50:00,53.69,159,0.01,0
2024-01-05 04:55:00,61.73,176,0.0128,0
2024-01-05 05:00:00,41.66,198,0.0089,0
2024-01-05 05:05:00,48.84,100,0.0102,0
2024-01-05 05:10:00,59.02,79,0.0129,0
2024-01-05 05:15:00,38.15,134,0.0086,0
2024-01-05 05:20:00,48.5,56,0.0088,0
2024-01-05 05:25:00,42.19,154,0.0075,0
2024-01-05 05:30:00,54.72,68,0.0101,0
2024-01-05 05:35:00,56.06,116,0.0113,0
2024-01-05 05:40:00,38.29,83,0.0079,0
2024-01-05 05:45:00,49.65,155,0.0099,0
2024-01-05 05:50:00,37.08,103,0.006,0
2024-01-05 05:55:00,48.0,156,0.01,0
2024-01-05 06:00:00,105.41,436,0.0102,0
2024-01-05 06:05:00,91.27,485,0.0081,0
2024-01-05 06:10:00,94.9,453,0.008,0
2024-01-05 06:15:00,114.27,481,0.0106,0
2024-01-05 06:20:00,75.46,219,0.0068,0
2024-01-05 06:25:00,109.98,283,0.0101,0
2024-01-05 06:30:00,104.13,361,0.0118,0
2024-01-05 06:35:00,100.34,482,0.0104,0
2024-01-05 06:40:00,93.23,357,0.0098,0
2024-01-05 06:45:00,87.44,223,0.0084,0
2024-01-05 06:50:00,66.19,398,0.0063,0
2024-01-05 06:55:00,108.43,422,0.0115,0
2024-01-05 07:00:00,104.82,494,0.011,0
2024-01-05 07:05:00,86.7,319,0.0071,0
2024-01-05 07:10:00,77.71,258,0.0084,0
2024-01-05 07:15:00,101.24,264,0.0094,0
2024-01-05 07:20:00,76.58,341,0.0079,0
2024-01-05 07:25:00,520.74,493,0.0496,1
2024-01-05 07:30:00,57.67,204,0.0059,0
2024-01-05 07:35:00,65.17,260,0.0072,0
2024-01-05 07:40:00,84.68,328,0.0091,0
2024-01-05 07:45:00,105.26,383,0.0115,0
2024-01-05 07:50:00,265.43,467,0.0286,1
2024-01-05 07:55:00,128.76,279,0.0129,0
2024-01-05 08:00:00,81.58,268,0.007,0
2024-01-05 08:05:00,166.51,203,0.0144,0
2024-01-05 08:10:00,107.3,265,0.0122,0
2024-01-05 08:15:00,73.35,362,0.0061,0
2024-01-05 08:20:00,93.38,419,0.0089,0
2024-01-05 08:25:00,94.12,260,0.0103,0
2024-01-05 08:30:00,92.85,441,0.011,0
2024-01-05 08:35:00,100.18,354,0.0117,0
2024-01-05 08:40:00,97.75,237,0.0101,0
2024-01-05 08:45:00,86.91,217,0.0101,0
2024-01-05 08:50:00,103.58,244,0.0119,0
2024-01-05 08:55:00,104.04,493,0.0085,0
2024-01-05 09:00:00,62.74,427,0.0059,0
2024-01-05 09:05:00,109.54,337,0.0124,0
2024-01-05 09:10:00,110.39,449,0.0102,0
2024-01-05 09:15:00,107.43,352,0.0116,0
2024-01-05 09:20:00,114.8,360,0.0121,0
2024-01-05 09:25:00,75.44,366,0.0068,0
2024-01-05 09:30:00,111.59,448,0.0118,0
2024-01-05 09:35:00,81.79,240,0.0084,0
2024-01-05 09:40:00,111.63,245,0.0108,0
2024-01-05 09:45:00,98.39,278,0.0111,0
2024-01-05 09:50:00,133.58,291,0.0131,0
2024-01-05 09:55:00,101.79,312,0.0102,0
2024-01-05 10:00:00,88.84,487,0.0078,0
2024-01-05 10:05:00,112.21,464,0.0127,0
2024-01-05 10:10:00,119.04,318,0.0099,0
2024-01-05 10:15:00,114.79,206,0.0119,0
2024-01-05 10:20:00,122.38,248,0.0099,0
2024-01-05 10:25:00,122.94,305,0.0098,0
2024-01-05 10:30:00,68.27,384,0.0064,0
2024-01-05 10:35:00,80.75,466,0.0087,0
2024-01-05 10:40:00,102.22,482,0.0102,0
2024-01-05 10:45:00,70.22,428,0.0071,0
2024-01-05 10:50:00,81.82,393,0.0095,0
2024-01-05 10:55:00,65.29,1065,0.0077,1
2024-01-05 11:00:00,54.92,160,0.011,0
2024-01-05 11:05:00,42.61,54,0.0081,0
2024-01-05 11:10:00,48.55,185,0.011,0
2024-01-05 11:15:00,50.89,154,0.01,0
2024-01-05 11:20:00,43.18,56,0.0092,0
2024-01-05 11:25:00,58.02,162,0.0102,0
2024-01-05 11:30:00,54.17,152,0.0124,0
2024-01-05 11:35:00,48.44,76,0.0109,0
2024-01-05 11:40:00,36.0,59,0.0074,0
2024-01-05 11:45:00,43.54,177,0.0095,0
2024-01-05 11:50:00,32.67,182,0.0057,0
2024-01-05 11:55:00,73.35,185,0.0139,0
2024-01-05 12:00:00,47.96,69,0.0113,0
2024-01-05 12:05:00,56.81,178,0.0093,0
2024-01-05 12:10:00,49.71,155,0.009,0
2024-01-05 12:15:00,53.02,101,0.0123,0
2024-01-05 12:20:00,60.14,105,0.0104,0
2024-01-05 12:25:00,60.73,59,0.014,0
2024-01-05 12:30:00,46.8,54,0.0105,0
2024-01-05 12:35:00,51.73,53,0.0101,0
2024-01-05 12:40:00,55.47,51,0.0131,0
2024-01-05 12:45:00,44.14,182,0.0087,0
2024-01-05 12:50:00,37.48,194,0.0065,0
2024-01-05 12:55:00,43.58,196,0.0092,0
2024-01-05 13:00:00,105.59,218,0.0099,0
2024-01-05 13:05:00,109.99,350,0.0124,0
2024-01-05 13:10:00,91.2,476,0.0107,0
2024-01-05 13:15:00,92.09,466,0.0106,0
2024-01-05 13:20:00,118.39,396,0.0119,0
2024-01-05 13:25:00,97.71,358,0.0099,0
2024-01-05 13:30:00,107.29,293,0.0107,0
2024-01-05 13:35:00,93.75,453,0.0081,0
2024-01-05 13:40:00,103.95,299,0.0107,0
2024-01-05 13:45:00,92.6,359,0.0108,0
2024-01-05 13:50:00,109.77,370,0.0088,0
2024-01-05 13:55:00,124.43,283,0.0122,0
2024-01-05 14:00:00,102.04,415,0.0106,0
2024-01-05 14:05:00,72.92,442,0.0082,0
2024-01-05 14:10:00,69.58,250,0.006,0
2024-01-05 14:15:00,90.1,235,0.0079,0
2024-01-05 14:20:00,131.22,437,0.0112,0
2024-01-05 14:25:00,73.54,372,0.0067,0
2024-01-05 14:30:00,100.62,432,0.0096,0
2024-01-05 14:35:00,90.62,401,0.0075,0
2024-01-05 14:40:00,124.77,482,0.0109,0
2024-01-05 14:45:00,119.61,236,0.0123,0
2024-01-05 14:50:00,93.76,369,0.0101,0
2024-01-05 14:55:00,110.26,374,0.0101,0
2024-01-05 15:00:00,231.08,248,0.0265,1
2024-01-05 15:05:00,110.07,375,0.0113,0
2024-01-05 15:10:00,112.64,392,0.0131,0
2024-01-05 15:15:00,116.78,352,0.0098,0
2024-01-05 15:20:00,109.68,381,0.0094,0
2024-01-05 15:25:00,95.99,447,0.0086,0
2024-01-05 15:30:00,77.75,204,0.0089,0
2024-01-05 15:35:00,72.41,271,0.006,0
2024-01-05 15:40:00,100.03,381,0.0114,0
2024-01-05 15:45:00,70.12,408,0.0059,0
2024-01-05 15:50:00,93.72,216,0.0097,0
2024-01-05 15:55:00,87.46,397,0.007,0
2024-01-05 16:00:00,30.53,123,0.0053,0
2024-01-05 16:05:00,44.62,196,0.0084,0
2024-01-05 16:10:00,41.71,175,0.008,0
2024-01-05 16:15:00,50.35,149,0.0105,0
2024-01-05 16:20:00,41.67,196,0.0095,0
2024-01-05 16:25:00,54.56,86,0.0125,0
2024-01-05 16:30:00,55.77,129,0.0129,0
2024-01-05 16:35:00,38.85,162,0.007,0
2024-01-05 16:40:00,58.63,57,0.0124,0
2024-01-05 16:45:00,50.45,59,0.0117,0
2024-01-05 16:50:00,47.7,87,0.0087,0
2024-01-05 16:55:00,61.26,54,0.0117,0
2024-01-05 17:00:00,65.26,131,0.0146,0
2024-01-05 17:05:00,49.6,96,0.009,0
2024-01-05 17:10:00,44.78,72,0.0088,0
2024-01-05 17:15:00,59.73,66,0.0133,0
2024-01-05 17:20:00,54.29,156,0.0102,0
2024-01-05 17:25:00,42.44,117,0.0075,0
2024-01-05 17:30:00,54.75,156,0.0107,0
2024-01-05 17:35:00,48.84,166,0.0081,0
2024-01-05 17:40:00,51.13,92,0.0118,0
2024-01-05 17:45:00,50.49,53,0.0103,0
2024-01-05 17:50:00,63.63,95,0.012,0
2024-01-05 17:55:00,54.51,67,0.0095,0
2024-01-05 18:00:00,118.77,997,0.0136,0
2024-01-05 18:05:00,146.81,993,0.0228,0
2024-01-05 18:10:00,136.48,534,0.0202,0
2024-01-05 18:15:00,164.09,515,0.024,0
2024-01-05 18:20:00,167.78,872,0.0224,0
2024-01-05 18:25:00,189.36,793,0.0296,1
2024-01-05 18:30:00,131.45,885,0.0145,0
2024-01-05 18:35:00,137.94,837,0.0186,0
2024-01-05 18:40:00,145.72,984,0.0226,0
2024-01-05 18:45:00,154.68,730,0.0235,0
2024-01-05 18:50:00,207.33,960,0.0227,1
2024-01-05 18:55:00,142.52,933,0.021,0
2024-01-05 19:00:00,165.39,537,0.0207,0
2024-01-05 19:05:00,124.11,644,0.0154,0
2024-01-05 19:10:00,75.42,733,0.0106,0
2024-01-05 19:15:00,133.5,994,0.0191,0
2024-01-05 19:20:00,161.13,539,0.0197,0
2024-01-05 19:25:00,179.55,698,0.0226,0
2024-01-05 19:30:00,176.46,797,0.0192,0
2024-01-05 19:35:00,114.28,861,0.0166,0
2024-01-05 19:40:00,153.46,593,0.0179,0
2024-01-05 19:45:00,190.28,664,0.0251,0
2024-01-05 19:50:00,156.5,674,0.0205,0
2024-01-05 19:55:00,187.42,523,0.0208,0
2024-01-05 20:00:00,97.49,919,0.0137,0
2024-01-05 20:05:00,166.36,905,0.0241,0
2024-01-05 20:10:00,177.61,557,0.0273,0
2024-01-05 20:15:00,133.92,556,0.0169,0
2024-01-05 20:20:00,177.99,803,0.025,0
2024-01-05 20:25:00,162.27,737,0.023,0
2024-01-05 20:30:00,180.74,895,0.022,0
2024-01-05 20:35:00,94.21,860,0.0116,0
2024-01-05 20:40:00,183.98,969,0.0223,0
2024-01-05 20:45:00,144.89,698,0.0169,0
2024-01-05 20:50:00,142.82,678,0.0166,0
2024-01-05 20:55:00,200.88,708,0.0231,0
2024-01-05 21:00:00,485.68,789,0.0542,1
2024-01-05 21:05:00,134.25,715,0.0146,0
2024-01-05 21:10:00,121.59,509,0.0182,0
2024-01-05 21:15:00,176.36,712,0.0278,0
2024-01-05 21:20:00,166.16,869,0.0253,0
2024-01-05 21:25:00,105.31,509,0.0139,0
2024-01-05 21:30:00,100.56,961,0.0133,0
2024-01-05 21:35:00,167.88,874,0.018,0
2024-01-05 21:40:00,158.59,906,0.0182,0
2024-01-05 21:45:00,157.72,804,0.0179,0
2024-01-05 21:50:00,135.52,874,0.0211,0
2024-01-05 21:55:00,124.19,602,0.0153,0
2024-01-05 22:00:00,114.64,2260,0.0146,1
2024-01-05 22:05:00,117.63,904,0.0167,0
2024-01-05 22:10:00,201.85,789,0.0227,0
2024-01-05 22:15:00,112.59,816,0.016,0
2024-01-05 22:20:00,147.6,799,0.0174,0
2024-01-05 22:25:00,212.79,743,0.0294,1
2024-01-05 22:30:00,129.23,963,0.0174,0
2024-01-05 22:35:00,169.8,887,0.0243,0
2024-01-05 22:40:00,138.57,631,0.0165,0
2024-01-05 22:45:00,75.44,640,0.009,0
2024-01-05 22:50:00,174.06,994,0.0196,0
2024-01-05 22:55:00,121.39,846,0.0179,0
2024-01-05 23:00:00,192.6,878,0.0238,0
2024-01-05 23:05:00,168.1,699,0.0229,0
2024-01-05 23:10:00,167.14,984,0.0248,0
2024-01-05 23:15:00,133.79,934,0.0152,0
2024-01-05 23:20:00,189.98,543,0.0214,0
2024-01-05 23:25:00,166.08,708,0.0215,0
2024-01-05 23:30:00,149.71,530,0.0183,0
2024-01-05 23:35:00,175.69,897,0.0243,0
2024-01-05 23:40:00,189.62,591,0.0244,0
2024-01-05 23:45:00,148.91,915,0.0189,0
2024-01-05 23:50:00,188.38,824,0.0282,0
2024-01-05 23:55:00,129.46,814,0.0193,0
2024-01-06 00:00:00,56.0,144,0.0127,0
2024-01-06 00:05:00,55.56,173,0.0106,0
2024-01-06 00:10:00,63.71,118,0.0124,0
2024-01-06 00:15:00,41.69,190,0.008,0
2024-01-06 00:20:00,35.85,199,0.0074,0
2024-01-06 00:25:00,46.56,136,0.0099,0
2024-01-06 00:30:00,66.62,90,0.0118,0
2024-01-06 00:35:00,43.13,160,0.0085,0
2024-01-06 00:40:00,65.55,96,0.0137,0
2024-01-06 00:45:00,53.3,127,0.0109,0
2024-01-06 00:50:00,63.18,137,0.0147,0
2024-01-06 00:55:00,46.03,64,0.0078,0
2024-01-06 01:00:00,40.58,60,0.0087,0
2024-01-06 01:05:00,47.73,57,0.0103,0
2024-01-06 01:10:00,46.33,54,0.0111,0
2024-01-06 01:15:00,52.87,51,0.0086,0
2024-01-06 01:20:00,68.67,117,0.0129,0
2024-01-06 01:25:00,49.02,66,0.009,0
2024-01-06 01:30:00,62.95,162,0.0104,0
2024-01-06 01:35:00,61.05,195,0.0123,0
2024-01-06 01:40:00,53.83,169,0.0092,0
2024-01-06 01:45:00,53.49,117,0.0127,0
2024-01-06 01:50:00,61.87,162,0.0145,0
2024-01-06 01:55:00,57.73,132,0.0138,0
2024-01-06 02:00:00,51.16,112,0.0112,0
2024-01-06 02:05:00,58.68,173,0.012,0
2024-01-06 02:10:00,57.26,79,0.0099,0
2024-01-06 02:15:00,53.02,100,0.0124,0
2024-01-06 02:20:00,59.24,128,0.0098,0
2024-01-06 02:25:00,40.12,123,0.0081,0
2024-01-06 02:30:00,57.77,63,0.0126,0
2024-01-06 02:35:00,56.26,108,0.0128,0
2024-01-06 02:40:00,45.61,125,0.0099,0
2024-01-06 02:45:00,46.97,111,0.011,0
2024-01-06 02:50:00,49.49,173,0.0083,0
2024-01-06 02:55:00,71.25,67,0.0127,0
2024-01-06 03:00:00,41.16,188,0.0068,0
2024-01-06 03:05:00,43.83,150,0.0071,0
2024-01-06 03:10:00,56.33,61,0.012,0
2024-01-06 03:15:00,56.01,87,0.009,0
2024-01-06 03:20:00,54.27,194,0.011,0
2024-01-06 03:25:00,30.75,104,0.0059,0
2024-01-06 03:30:00,46.58,81,0.0095,0
2024-01-06 03:35:00,40.62,117,0.0085,0
2024-01-06 03:40:00,61.37,96,0.013,0
2024-01-06 03:45:00,41.82,198,0.01,0
2024-01-06 03:50:00,50.75,151,0.0114,0
2024-01-06 03:55:00,62.68,87,0.0128,0
2024-01-06 04:00:00,54.56,62,0.0128,0
2024-01-06 04:05:00,41.24,192,0.0098,0
2024-01-06 04:10:00,66.92,73,0.0133,0
2024-01-06 04:15:00,53.48,177,0.0097,0
2024-01-06 04:20:00,37.45,144,0.0089,0
2024-01-06 04:25:00,62.76,195,0.0114,0
2024-01-06 04:30:00,48.81,186,0.0112,0
2024-01-06 04:35:00,41.9,182,0.0087,0
2024-01-06 04:40:00,45.23,146,0.0092,0
2024-01-06 04:45:00,43.01,183,0.0071,0
2024-01-06 04:50:00,52.48,104,0.0114,0
2024-01-06 04:55:00,47.76,51,0.0101,0
2024-01-06 05:00:00,57.35,183,0.0099,0
2024-01-06 05:05:00,43.05,114,0.0079,0
2024-01-06 05:10:00,43.33,89,0.0089,0
2024-01-06 05:15:00,52.76,142,0.0103,0
2024-01-06 05:20:00,59.64,74,0.0129,0
2024-01-06 05:25:00,36.66,133,0.0078,0
2024-01-06 05:30:00,53.36,99,0.0113,0
2024-01-06 05:35:00,20.0,154,0.0046,1
2024-01-06 05:40:00,47.08,137,0.0099,0
2024-01-06 05:45:00,62.21,105,0.0105,0
2024-01-06 05:50:00,43.59,181,0.0102,0
2024-01-06 05:55:00,67.21,50,0.0143,0
2024-01-06 06:00:00,131.35,395,0.0139,0
2024-01-06 06:05:00,96.0,384,0.0104,0
2024-01-06 06:10:00,102.89,413,0.0121,0
2024-01-06 06:15:00,99.55,297,0.009,0
2024-01-06 06:20:00,85.43,428,0.0095,0
2024-01-06 06:25:00,118.46,228,0.0129,0
2024-01-06 06:30:00,106.09,272,0.0086,0
2024-01-06 06:35:00,109.39,295,0.0125,0
2024-01-06 06:40:00,102.1,348,0.0089,0
2024-01-06 06:45:00,163.84,367,0.0153,0
2024-01-06 06:50:00,125.94,418,0.0114,0
2024-01-06 06:55:00,131.49,242,0.014,0
2024-01-06 07:00:00,100.79,351,0.0104,0
2024-01-06 07:05:00,87.71,498,0.0098,0
2024-01-06 07:10:00,92.27,216,0.0081,0
2024-01-06 07:15:00,119.11,441,0.0118,0
2024-01-06 07:20:00,81.97,441,0.0067,0
2024-01-06 07:25:00,101.49,446,0.0114,0
2024-01-06 07:30:00,106.06,366,0.012,0
2024-01-06 07:35:00,94.68,313,0.0101,0
2024-01-06 07:40:00,133.06,204,0.0145,0
2024-01-06 07:45:00,89.34,344,0.0074,0
2024-01-06 07:50:00,101.24,448,0.0085,0
2024-01-06 07:55:00,126.75,298,0.0135,0
2024-01-06 08:00:00,129.89,496,0.0114,0
2024-01-06 08:05:00,106.9,432,0.0102,0
2024-01-06 08:10:00,87.42,310,0.008,0
2024-01-06 08:15:00,102.36,259,0.0082,0
2024-01-06 08:20:00,134.5,399,0.0135,0
2024-01-06 08:25:00,88.17,243,0.0082,0
2024-01-06 08:30:00,102.66,299,0.0121,0
2024-01-06 08:35:00,104.28,359,0.012,0
2024-01-06 08:40:00,115.25,236,0.0128,0
2024-01-06 08:45:00,123.59,255,0.0105,0
2024-01-06 08:50:00,110.87,317,0.0099,0
2024-01-06 08:55:00,121.45,340,0.0137,0
2024-01-06 09:00:00,58.88,461,0.0051,0
2024-01-06 09:05:00,92.22,217,0.0083,0
2024-01-06 09:10:00,91.07,370,0.0106,0
2024-01-06 09:15:00,119.37,422,0.0139,0
2024-01-06 09:20:00,79.14,430,0.0087,0
2024-01-06 09:25:00,104.55,277,0.0087,0
2024-01-06 09:30:00,84.7,278,0.0098,0
2024-01-06 09:35:00,84.53,470,0.0074,0
2024-01-06 09:40:00,94.04,321,0.0102,0
2024-01-06 09:45:00,95.14,290,0.0087,0
2024-01-06 09:50:00,131.76,378,0.0112,0
2024-01-06 09:55:00,89.97,269,0.0079,0
2024-01-06 10:00:00,118.46,397,0.0129,0
2024-01-06 10:05:00,80.04,390,0.0085,0
2024-01-06 10:10:00,79.54,359,0.0094,0
2024-01-06 10:15:00,124.62,233,0.0136,0
2024-01-06 10:20:00,87.64,486,0.0075,0
2024-01-06 10:25:00,61.98,305,0.0065,0
2024-01-06 10:30:00,94.68,483,0.0091,0
2024-01-06 10:35:00,118.36,349,0.0109,0
2024-01-06 10:40:00,97.47,324,0.01,0
2024-01-06 10:45:00,105.29,466,0.0099,0
2024-01-06 10:50:00,120.46,309,0.013,0
2024-01-06 10:55:00,103.16,427,0.0089,0
2024-01-06 11:00:00,182.44,988,0.0234,0
2024-01-06 11:05:00,149.97,857,0.0196,0
2024-01-06 11:10:00,127.91,798,0.016,0
2024-01-06 11:15:00,155.76,977,0.0205,0
2024-01-06 11:20:00,146.6,562,0.0199,0
2024-01-06 11:25:00,157.23,910,0.0236,0
2024-01-06 11:30:00,148.43,557,0.0228,0
2024-01-06 11:35:00,177.65,963,0.0265,0
2024-01-06 11:40:00,123.17,593,0.0172,0
2024-01-06 11:45:00,147.83,687,0.0213,0
2024-01-06 11:50:00,132.73,615,0.0151,0
2024-01-06 11:55:00,90.01,554,0.0114,0
2024-01-06 12:00:00,115.99,605,0.0162,0
2024-01-06 12:05:00,184.7,927,0.0245,0
2024-01-06 12:10:00,120.22,888,0.018,0
2024-01-06 12:15:00,181.94,703,0.0266,0
2024-01-06 12:20:00,128.82,500,0.0193,0
2024-01-06 12:25:00,191.13,733,0.0256,0
2024-01-06 12:30:00,114.97,891,0.0178,0
2024-01-06 12:35:00,156.33,681,0.0176,0
2024-01-06 12:40:00,142.1,699,0.0159,0
2024-01-06 12:45:00,153.06,883,0.0219,0
2024-01-06 12:50:00,116.67,643,0.0153,0
2024-01-06 12:55:00,134.91,629,0.021,0
2024-01-06 13:00:00,108.37,207,0.0113,0
2024-01-06 13:05:00,103.36,430,0.0119,0
2024-01-06 13:10:00,79.14,261,0.007,0
2024-01-06 13:15:00,104.35,277,0.0093,0
2024-01-06 13:20:00,135.46,403,0.0162,0
2024-01-06 13:25:00,91.51,455,0.0086,0
2024-01-06 13:30:00,97.47,350,0.0117,0
2024-01-06 13:35:00,83.72,1133,0.0089,1
2024-01-06 13:40:00,106.49,446,0.0121,0
2024-01-06 13:45:00,788.63,309,0.0801,1
2024-01-06 13:50:00,113.14,383,0.0091,0
2024-01-06 13:55:00,92.17,201,0.0084,0
2024-01-06 14:00:00,141.74,392,0.0119,0
2024-01-06 14:05:00,104.22,474,0.0099,0
2024-01-06 14:10:00,103.61,278,0.0108,0
2024-01-06 14:15:00,99.86,421,0.0085,0
2024-01-06 14:20:00,109.66,334,0.0093,0
2024-01-06 14:25:00,63.22,280,0.0066,0
2024-01-06 14:30:00,125.23,358,0.0149,0
2024-01-06 14:35:00,115.55,461,0.0123,0
2024-01-06 14:40:00,128.77,941,0.0145,0
2024-01-06 14:45:00,111.24,256,0.009,0
2024-01-06 14:50:00,71.25,469,0.0078,0
2024-01-06 14:55:00,118.69,365,0.0116,0
2024-01-06 15:00:00,104.25,267,0.011,0
2024-01-06 15:05:00,111.65,328,0.0092,0
2024-01-06 15:10:00,83.27,306,0.0089,0
2024-01-06 15:15:00,103.36,450,0.0114,0
2024-01-06 15:20:00,122.33,253,0.0144,0
2024-01-06 15:25:00,117.03,200,0.0095,0
2024-01-06 15:30:00,146.04,202,0.0125,0
2024-01-06 15:35:00,102.03,485,0.0116,0
2024-01-06 15:40:00,106.91,395,0.0127,0
2024-01-06 15:45:00,103.87,305,0.0102,0
2024-01-06 15:50:00,130.13,254,0.0125,0
2024-01-06 15:55:00,119.14,439,0.0128,0
2024-01-06 16:00:00,110.57,906,0.0122,0
2024-01-06 16:05:00,135.47,717,0.0203,0
2024-01-06 16:10:00,164.0,795,0.0213,0
2024-01-06 16:15:00,208.48,552,0.024,0
2024-01-06 16:20:00,154.81,1415,0.0186,1
2024-01-06 16:25:00,144.35,759,0.0162,0
2024-01-06 16:30:00,103.41,919,0.012,0
2024-01-06 16:35:00,164.54,741,0.0223,0
2024-01-06 16:40:00,90.02,916,0.0118,0
2024-01-06 16:45:00,186.93,961,0.0207,0
2024-01-06 16:50:00,164.6,587,0.0222,0
2024-01-06 16:55:00,160.87,594,0.0227,0
2024-01-06 17:00:00,201.5,555,0.03,1
2024-01-06 17:05:00,160.76,678,0.0186,0
2024-01-06 17:10:00,175.66,741,0.0273,0
2024-01-06 17:15:00,181.25,596,0.0223,0
2024-01-06 17:20:00,134.88,697,0.0155,0
2024-01-06 17:25:00,160.82,839,0.0207,0
2024-01-06 17:30:00,130.71,723,0.0142,0
2024-01-06 17:35:00,124.87,722,0.0149,0
2024-01-06 17:40:00,126.74,783,0.0174,0
2024-01-06 17:45:00,169.32,679,0.0246,0
2024-01-06 17:50:00,174.15,897,0.0231,0
2024-01-06 17:55:00,130.77,872,0.0168,0
2024-01-06 18:00:00,177.49,523,0.0281,0
2024-01-06 18:05:00,223.66,977,0.0303,1
2024-01-06 18:10:00,182.58,707,0.0273,0
2024-01-06 18:15:00,139.87,930,0.0218,0
2024-01-06 18:20:00,199.22,592,0.0243,0
2024-01-06 18:25:00,143.62,906,0.0166,0
2024-01-06 18:30:00,183.46,718,0.0225,0
2024-01-06 18:35:00,199.98,858,0.0237,0
2024-01-06 18:40:00,161.14,849,0.0185,0
2024-01-06 18:45:00,194.33,579,0.0251,0
2024-01-06 18:50:00,158.35,660,0.0196,0
2024-01-06 18:55:00,140.45,654,0.0155,0
2024-01-06 19:00:00,110.55,798,0.0123,0
2024-01-06 19:05:00,176.96,854,0.0234,0
2024-01-06 19:10:00,143.91,773,0.017,0
2024-01-06 19:15:00,145.2,671,0.0197,0
2024-01-06 19:20:00,153.12,919,0.0222,0
2024-01-06 19:25:00,171.25,850,0.0221,0
2024-01-06 19:30:00,112.44,837,0.0154,0
2024-01-06 19:35:00,70.27,522,0.0104,0
2024-01-06 19:40:00,121.91,506,0.0163,0
2024-01-06 19:45:00,258.93,1626,0.0402,1
2024-01-06 19:50:00,168.33,669,0.0192,0
2024-01-06 19:55:00,115.41,764,0.0182,0
2024-01-06 20:00:00,149.46,829,0.0193,0
2024-01-06 20:05:00,134.52,950,0.0207,0
2024-01-06 20:10:00,127.52,796,0.0203,0
2024-01-06 20:15:00,122.53,902,0.0132,0
2024-01-06 20:20:00,103.24,856,0.0128,0
2024-01-06 20:25:00,203.45,793,0.0309,1
2024-01-06 20:30:00,109.47,769,0.0133,0
2024-01-06 20:35:00,186.34,517,0.0253,0
2024-01-06 20:40:00,104.36,585,0.0136,0
2024-01-06 20:45:00,151.01,853,0.0218,0
2024-01-06 20:50:00,174.22,528,0.0222,0
2024-01-06 20:55:00,129.21,513,0.0194,0
2024-01-06 21:00:00,154.24,694,0.0202,0
2024-01-06 21:05:00,141.43,741,0.0196,0
2024-01-06 21:10:00,172.47,640,0.0219,0
2024-01-06 21:15:00,151.18,997,0.0181,0
2024-01-06 21:20:00,179.93,572,0.0267,0
2024-01-06 21:25:00,126.11,990,0.0137,0
2024-01-06 21:30:00,130.22,818,0.016,0
2024-01-06 21:35:00,99.57,769,0.0125,0
2024-01-06 21:40:00,314.77,868,0.0342,1
2024-01-06 21:45:00,178.34,861,0.0245,0
2024-01-06 21:50:00,121.33,699,0.0155,0
2024-01-06 21:55:00,120.54,629,0.0137,0
2024-01-06 22:00:00,155.25,901,0.0175,0
2024-01-06 22:05:00,186.32,626,0.029,0
2024-01-06 22:10:00,153.99,593,0.0234,0
2024-01-06 22:15:00,92.3,861,0.0119,0
2024-01-06 22:20:00,111.56,589,0.0144,0
2024-01-06 22:25:00,176.74,513,0.0266,0
2024-01-06 22:30:00,167.35,1713,0.0192,1
2024-01-06 22:35:00,99.2,618,0.0146,0
2024-01-06 22:40:00,177.06,830,0.025,0
2024-01-06 22:45:00,114.96,906,0.0164,0
2024-01-06 22:50:00,140.15,999,0.0162,0
2024-01-06 22:55:00,116.45,804,0.0153,0
2024-01-06 23:00:00,136.01,723,0.0166,0
2024-01-06 23:05:00,147.39,804,0.0203,0
2024-01-06 23:10:00,150.91,774,0.0239,0
2024-01-06 23:15:00,134.41,836,0.0171,0
2024-01-06 23:20:00,109.58,668,0.0118,0
2024-01-06 23:25:00,102.68,733,0.0133,0
2024-01-06 23:30:00,103.76,744,0.0137,0
2024-01-06 23:35:00,158.57,649,0.0244,0
2024-01-06 23:40:00,126.91,869,0.0201,0
2024-01-06 23:45:00,97.29,985,0.0121,0
2024-01-06 23:50:00,172.64,832,0.0186,0
2024-01-06 23:55:00,137.69,842,0.0171,0
2024-01-07 00:00:00,53.5,153,0.0126,0
