timestamp,value,type
2024-01-01 00:00:00,55.97,actual
2024-01-01 00:05:00,57.72,actual
2024-01-01 00:10:00,66.56,actual
2024-01-01 00:15:00,55.82,actual
2024-01-01 00:20:00,34.13,actual
2024-01-01 00:25:00,29.41,actual
2024-01-01 00:30:00,43.78,actual
2024-01-01 00:35:00,41.18,actual
2024-01-01 00:40:00,68.95,actual
2024-01-01 00:45:00,46.94,actual
2024-01-01 00:50:00,52.67,actual
2024-01-01 00:55:00,45.17,actual
2024-01-01 01:00:00,44.96,actual
2024-01-01 01:05:00,62.58,actual
2024-01-01 01:10:00,56.44,actual
2024-01-01 01:15:00,57.41,actual
2024-01-01 01:20:00,57.39,actual
2024-01-01 01:25:00,53.34,actual
2024-01-01 01:30:00,56.17,actual
2024-01-01 01:35:00,60.0,actual
2024-01-01 01:40:00,60.65,actual
2024-01-01 01:45:00,58.56,actual
2024-01-01 01:50:00,63.88,actual
2024-01-01 01:55:00,36.82,actual
2024-01-01 02:00:00,54.92,actual
2024-01-01 02:05:00,29.46,actual
2024-01-01 02:10:00,53.99,actual
2024-01-01 02:15:00,65.76,actual
2024-01-01 02:20:00,51.53,actual
2024-01-01 02:25:00,36.61,actual
2024-01-01 02:30:00,40.23,actual
2024-01-01 02:35:00,41.19,actual
2024-01-01 02:40:00,40.89,actual
2024-01-01 02:45:00,60.79,actual
2024-01-01 02:50:00,66.2,actual
2024-01-01 02:55:00,44.05,actual
2024-01-01 03:00:00,59.74,actual
2024-01-01 03:05:00,44.29,actual
2024-01-01 03:10:00,49.44,actual
2024-01-01 03:15:00,37.0,actual
2024-01-01 03:20:00,35.19,actual
2024-01-01 03:25:00,58.86,actual
2024-01-01 03:30:00,47.98,actual
2024-01-01 03:35:00,42.06,actual
2024-01-01 03:40:00,50.16,actual
2024-01-01 03:45:00,65.69,actual
2024-01-01 03:50:00,48.78,actual
2024-01-01 03:55:00,44.32,actual
2024-01-01 04:00:00,29.26,actual
2024-01-01 04:05:00,62.68,actual
2024-01-01 04:10:00,56.0,actual
2024-01-01 04:15:00,45.67,actual
2024-01-01 04:20:00,53.23,actual
2024-01-01 04:25:00,37.4,actual
2024-01-01 04:30:00,51.05,actual
2024-01-01 04:35:00,54.28,actual
2024-01-01 04:40:00,48.11,actual
2024-01-01 04:45:00,41.53,actual
2024-01-01 04:50:00,60.05,actual
2024-01-01 04:55:00,36.55,actual
2024-01-01 05:00:00,67.28,actual
2024-01-01 05:05:00,52.94,actual
2024-01-01 05:10:00,44.27,actual
2024-01-01 05:15:00,50.9,actual
2024-01-01 05:20:00,41.7,actual
2024-01-01 05:25:00,48.17,actual
2024-01-01 05:30:00,60.71,actual
2024-01-01 05:35:00,56.78,actual
2024-01-01 05:40:00,46.35,actual
2024-01-01 05:45:00,54.54,actual
2024-01-01 05:50:00,46.55,actual
2024-01-01 05:55:00,40.48,actual
2024-01-01 06:00:00,64.75,actual
2024-01-01 06:05:00,76.02,actual
2024-01-01 06:10:00,105.4,actual
2024-01-01 06:15:00,90.7,actual
2024-01-01 06:20:00,102.11,actual
2024-01-01 06:25:00,80.7,actual
2024-01-01 06:30:00,121.86,actual
2024-01-01 06:35:00,104.93,actual
2024-01-01 06:40:00,119.2,actual
2024-01-01 06:45:00,121.64,actual
2024-01-01 06:50:00,122.57,actual
2024-01-01 06:55:00,122.6,actual
2024-01-01 07:00:00,69.76,actual
2024-01-01 07:05:00,110.67,actual
2024-01-01 07:10:00,115.27,actual
2024-01-01 07:15:00,116.65,actual
2024-01-01 07:20:00,123.34,actual
2024-01-01 07:25:00,93.93,actual
2024-01-01 07:30:00,68.51,actual
2024-01-01 07:35:00,83.12,actual
2024-01-01 07:40:00,100.95,actual
2024-01-01 07:45:00,329.47,actual
2024-01-01 07:50:00,91.7,actual
2024-01-01 07:55:00,77.51,actual
2024-01-01 08:00:00,90.96,actual
2024-01-01 08:05:00,152.58,actual
2024-01-01 08:10:00,131.96,actual
2024-01-01 08:15:00,141.98,actual
2024-01-01 08:20:00,73.02,actual
2024-01-01 08:25:00,82.06,actual
2024-01-01 08:30:00,68.07,actual
2024-01-01 08:35:00,81.39,actual
2024-01-01 08:40:00,55.15,actual
2024-01-01 08:45:00,90.13,actual
2024-01-01 08:50:00,93.76,actual
2024-01-01 08:55:00,137.01,actual
2024-01-01 09:00:00,114.91,actual
2024-01-01 09:05:00,120.24,actual
2024-01-01 09:10:00,79.8,actual
2024-01-01 09:15:00,82.16,actual
2024-01-01 09:20:00,67.58,actual
2024-01-01 09:25:00,99.98,actual
2024-01-01 09:30:00,90.21,actual
2024-01-01 09:35:00,113.69,actual
2024-01-01 09:40:00,89.29,actual
2024-01-01 09:45:00,103.94,actual
2024-01-01 09:50:00,78.74,actual
2024-01-01 09:55:00,89.76,actual
2024-01-01 10:00:00,120.11,actual
2024-01-01 10:05:00,76.98,actual
2024-01-01 10:10:00,98.86,actual
2024-01-01 10:15:00,127.34,actual
2024-01-01 10:20:00,128.48,actual
2024-01-01 10:25:00,107.21,actual
2024-01-01 10:30:00,96.4,actual
2024-01-01 10:35:00,98.15,actual
2024-01-01 10:40:00,126.52,actual
2024-01-01 10:45:00,61.23,actual
2024-01-01 10:50:00,121.62,actual
2024-01-01 10:55:00,74.79,actual
2024-01-01 11:00:00,48.81,actual
2024-01-01 11:05:00,54.88,actual
2024-01-01 11:10:00,34.97,actual
2024-01-01 11:15:00,48.54,actual
2024-01-01 11:20:00,58.08,actual
2024-01-01 11:25:00,59.3,actual
2024-01-01 11:30:00,47.97,actual
2024-01-01 11:35:00,40.93,actual
2024-01-01 11:40:00,32.93,actual
2024-01-01 11:45:00,51.7,actual
2024-01-01 11:50:00,59.45,actual
2024-01-01 11:55:00,39.71,actual
2024-01-01 12:00:00,50.59,actual
2024-01-01 12:05:00,66.58,actual
2024-01-01 12:10:00,41.69,actual
2024-01-01 12:15:00,58.06,actual
2024-01-01 12:20:00,68.54,actual
2024-01-01 12:25:00,56.7,actual
2024-01-01 12:30:00,43.31,actual
2024-01-01 12:35:00,53.14,actual
2024-01-01 12:40:00,55.18,actual
2024-01-01 12:45:00,49.69,actual
2024-01-01 12:50:00,48.05,actual
2024-01-01 12:55:00,60.59,actual
2024-01-01 13:00:00,81.74,actual
2024-01-01 13:05:00,87.59,actual
2024-01-01 13:10:00,100.08,actual
2024-01-01 13:15:00,111.17,actual
2024-01-01 13:20:00,113.08,actual
2024-01-01 13:25:00,92.16,actual
2024-01-01 13:30:00,109.56,actual
2024-01-01 13:35:00,120.48,actual
2024-01-01 13:40:00,67.81,actual
2024-01-01 13:45:00,67.69,actual
2024-01-01 13:50:00,111.84,actual
2024-01-01 13:55:00,130.67,actual
2024-01-01 14:00:00,112.0,actual
2024-01-01 14:05:00,135.57,actual
2024-01-01 14:10:00,95.81,actual
2024-01-01 14:15:00,148.32,actual
2024-01-01 14:20:00,101.61,actual
2024-01-01 14:25:00,104.79,actual
2024-01-01 14:30:00,93.66,actual
2024-01-01 14:35:00,78.75,actual
2024-01-01 14:40:00,65.82,actual
2024-01-01 14:45:00,141.55,actual
2024-01-01 14:50:00,61.51,actual
2024-01-01 14:55:00,97.23,actual
2024-01-01 15:00:00,127.03,actual
2024-01-01 15:05:00,100.35,actual
2024-01-01 15:10:00,106.0,actual
2024-01-01 15:15:00,133.74,actual
2024-01-01 15:20:00,86.45,actual
2024-01-01 15:25:00,99.0,actual
2024-01-01 15:30:00,68.91,actual
2024-01-01 15:35:00,115.54,actual
2024-01-01 15:40:00,90.52,actual
2024-01-01 15:45:00,108.72,actual
2024-01-01 15:50:00,130.25,actual
2024-01-01 15:55:00,94.98,actual
2024-01-01 16:00:00,60.56,actual
2024-01-01 16:05:00,42.0,actual
2024-01-01 16:10:00,66.79,actual
2024-01-01 16:15:00,48.71,actual
2024-01-01 16:20:00,41.61,actual
2024-01-01 16:25:00,55.14,actual
2024-01-01 16:30:00,52.58,actual
2024-01-01 16:35:00,30.37,actual
2024-01-01 16:40:00,37.33,actual
2024-01-01 16:45:00,65.01,actual
2024-01-01 16:50:00,49.78,actual
2024-01-01 16:55:00,44.93,actual
2024-01-01 17:00:00,38.25,actual
2024-01-01 17:05:00,47.6,actual
2024-01-01 17:10:00,42.41,actual
2024-01-01 17:15:00,49.81,actual
2024-01-01 17:20:00,48.55,actual
2024-01-01 17:25:00,55.75,actual
2024-01-01 17:30:00,59.03,actual
2024-01-01 17:35:00,49.92,actual
2024-01-01 17:40:00,39.26,actual
2024-01-01 17:45:00,48.27,actual
2024-01-01 17:50:00,57.6,actual
2024-01-01 17:55:00,54.72,actual
2024-01-01 18:00:00,148.45,actual
2024-01-01 18:05:00,231.28,actual
2024-01-01 18:10:00,129.41,actual
2024-01-01 18:15:00,168.78,actual
2024-01-01 18:20:00,104.87,actual
2024-01-01 18:25:00,167.66,actual
2024-01-01 18:30:00,153.4,actual
2024-01-01 18:35:00,196.29,actual
2024-01-01 18:40:00,173.08,actual
2024-01-01 18:45:00,185.65,actual
2024-01-01 18:50:00,180.95,actual
2024-01-01 18:55:00,211.44,actual
2024-01-01 19:00:00,165.42,actual
2024-01-01 19:05:00,148.05,actual
2024-01-01 19:10:00,165.41,actual
2024-01-01 19:15:00,151.57,actual
2024-01-01 19:20:00,126.69,actual
2024-01-01 19:25:00,158.05,actual
2024-01-01 19:30:00,114.74,actual
2024-01-01 19:35:00,198.55,actual
2024-01-01 19:40:00,101.94,actual
2024-01-01 19:45:00,123.7,actual
2024-01-01 19:50:00,195.01,actual
2024-01-01 19:55:00,120.1,actual
2024-01-01 20:00:00,116.75,actual
2024-01-01 20:05:00,184.9,actual
2024-01-01 20:10:00,162.89,actual
2024-01-01 20:15:00,129.18,actual
2024-01-01 20:20:00,93.9,actual
2024-01-01 20:25:00,151.98,actual
2024-01-01 20:30:00,178.14,actual
2024-01-01 20:35:00,159.88,actual
2024-01-01 20:40:00,129.83,actual
2024-01-01 20:45:00,117.48,actual
2024-01-01 20:50:00,191.77,actual
2024-01-01 20:55:00,192.28,actual
2024-01-01 21:00:00,115.63,actual
2024-01-01 21:05:00,135.22,actual
2024-01-01 21:10:00,189.47,actual
2024-01-01 21:15:00,179.05,actual
2024-01-01 21:20:00,94.42,actual
2024-01-01 21:25:00,140.77,actual
2024-01-01 21:30:00,686.5,actual
2024-01-01 21:35:00,123.03,actual
2024-01-01 21:40:00,126.12,actual
2024-01-01 21:45:00,119.35,actual
2024-01-01 21:50:00,126.49,actual
2024-01-01 21:55:00,196.81,actual
2024-01-01 22:00:00,101.42,actual
2024-01-01 22:05:00,135.08,actual
2024-01-01 22:10:00,143.1,actual
2024-01-01 22:15:00,169.64,actual
2024-01-01 22:20:00,158.39,actual
2024-01-01 22:25:00,160.61,actual
2024-01-01 22:30:00,497.16,actual
2024-01-01 22:35:00,123.38,actual
2024-01-01 22:40:00,133.47,actual
2024-01-01 22:45:00,173.91,actual
2024-01-01 22:50:00,215.06,actual
2024-01-01 22:55:00,191.59,actual
2024-01-01 23:00:00,112.54,actual
2024-01-01 23:05:00,145.43,actual
2024-01-01 23:10:00,129.54,actual
2024-01-01 23:15:00,130.99,actual
2024-01-01 23:20:00,165.9,actual
2024-01-01 23:25:00,162.49,actual
2024-01-01 23:30:00,146.17,actual
2024-01-01 23:35:00,132.64,actual
2024-01-01 23:40:00,114.3,actual
2024-01-01 23:45:00,175.78,actual
2024-01-01 23:50:00,131.62,actual
2024-01-01 23:55:00,151.63,actual
2024-01-02 00:00:00,56.42,actual
2024-01-02 00:05:00,38.08,actual
2024-01-02 00:10:00,45.46,actual
2024-01-02 00:15:00,45.9,actual
2024-01-02 00:20:00,62.15,actual
2024-01-02 00:25:00,55.76,actual
2024-01-02 00:30:00,66.41,actual
2024-01-02 00:35:00,46.53,actual
2024-01-02 00:40:00,38.54,actual
2024-01-02 00:45:00,53.74,actual
2024-01-02 00:50:00,44.64,actual
2024-01-02 00:55:00,63.96,actual
2024-01-02 01:00:00,51.51,actual
2024-01-02 01:05:00,77.71,actual
2024-01-02 01:10:00,52.79,actual
2024-01-02 01:15:00,52.29,actual
2024-01-02 01:20:00,49.59,actual
2024-01-02 01:25:00,48.08,actual
2024-01-02 01:30:00,108.1,actual
2024-01-02 01:35:00,43.12,actual
2024-01-02 01:40:00,36.23,actual
2024-01-02 01:45:00,45.75,actual
2024-01-02 01:50:00,53.15,actual
2024-01-02 01:55:00,46.31,actual
2024-01-02 02:00:00,69.48,actual
2024-01-02 02:05:00,39.47,actual
2024-01-02 02:10:00,68.08,actual
2024-01-02 02:15:00,39.28,actual
2024-01-02 02:20:00,42.41,actual
2024-01-02 02:25:00,43.34,actual
2024-01-02 02:30:00,39.69,actual
2024-01-02 02:35:00,36.72,actual
2024-01-02 02:40:00,58.38,actual
2024-01-02 02:45:00,38.87,actual
2024-01-02 02:50:00,60.14,actual
2024-01-02 02:55:00,49.97,actual
2024-01-02 03:00:00,47.85,actual
2024-01-02 03:05:00,99.47,actual
2024-01-02 03:10:00,62.66,actual
2024-01-02 03:15:00,67.5,actual
2024-01-02 03:20:00,47.1,actual
2024-01-02 03:25:00,41.81,actual
2024-01-02 03:30:00,49.21,actual
2024-01-02 03:35:00,60.71,actual
2024-01-02 03:40:00,61.4,actual
2024-01-02 03:45:00,60.31,actual
2024-01-02 03:50:00,40.09,actual
2024-01-02 03:55:00,62.31,actual
2024-01-02 04:00:00,32.63,actual
2024-01-02 04:05:00,52.08,actual
2024-01-02 04:10:00,56.75,actual
2024-01-02 04:15:00,60.0,actual
2024-01-02 04:20:00,48.51,actual
2024-01-02 04:25:00,57.07,actual
2024-01-02 04:30:00,44.94,actual
2024-01-02 04:35:00,60.02,actual
2024-01-02 04:40:00,64.88,actual
2024-01-02 04:45:00,46.64,actual
2024-01-02 04:50:00,58.22,actual
2024-01-02 04:55:00,45.3,actual
2024-01-02 05:00:00,60.48,actual
2024-01-02 05:05:00,46.08,actual
2024-01-02 05:10:00,35.3,actual
2024-01-02 05:15:00,42.28,actual
2024-01-02 05:20:00,49.93,actual
2024-01-02 05:25:00,57.0,actual
2024-01-02 05:30:00,53.85,actual
2024-01-02 05:35:00,44.27,actual
2024-01-02 05:40:00,37.26,actual
2024-01-02 05:45:00,62.05,actual
2024-01-02 05:50:00,47.39,actual
2024-01-02 05:55:00,47.92,actual
2024-01-02 06:00:00,95.17,actual
2024-01-02 06:05:00,130.44,actual
2024-01-02 06:10:00,77.84,actual
2024-01-02 06:15:00,81.84,actual
2024-01-02 06:20:00,105.57,actual
2024-01-02 06:25:00,94.49,actual
2024-01-02 06:30:00,121.93,actual
2024-01-02 06:35:00,805.28,actual
2024-01-02 06:40:00,83.67,actual
2024-01-02 06:45:00,84.01,actual
2024-01-02 06:50:00,97.34,actual
2024-01-02 06:55:00,124.53,actual
2024-01-02 07:00:00,120.13,actual
2024-01-02 07:05:00,85.95,actual
2024-01-02 07:10:00,99.61,actual
2024-01-02 07:15:00,65.95,actual
2024-01-02 07:20:00,80.08,actual
2024-01-02 07:25:00,68.13,actual
2024-01-02 07:30:00,82.38,actual
2024-01-02 07:35:00,121.01,actual
2024-01-02 07:40:00,112.64,actual
2024-01-02 07:45:00,77.04,actual
2024-01-02 07:50:00,116.32,actual
2024-01-02 07:55:00,106.78,actual
2024-01-02 08:00:00,130.67,actual
2024-01-02 08:05:00,72.41,actual
2024-01-02 08:10:00,137.83,actual
2024-01-02 08:15:00,78.25,actual
2024-01-02 08:20:00,92.56,actual
2024-01-02 08:25:00,97.48,actual
2024-01-02 08:30:00,110.49,actual
2024-01-02 08:35:00,91.89,actual
2024-01-02 08:40:00,156.25,actual
2024-01-02 08:45:00,105.61,actual
2024-01-02 08:50:00,480.87,actual
2024-01-02 08:55:00,121.64,actual
2024-01-02 09:00:00,112.87,actual
2024-01-02 09:05:00,82.03,actual
2024-01-02 09:10:00,109.53,actual
2024-01-02 09:15:00,86.71,actual
2024-01-02 09:20:00,138.1,actual
2024-01-02 09:25:00,89.69,actual
2024-01-02 09:30:00,69.36,actual
2024-01-02 09:35:00,108.91,actual
2024-01-02 09:40:00,101.58,actual
2024-01-02 09:45:00,99.92,actual
2024-01-02 09:50:00,104.99,actual
2024-01-02 09:55:00,85.69,actual
2024-01-02 10:00:00,79.19,actual
2024-01-02 10:05:00,118.74,actual
2024-01-02 10:10:00,90.96,actual
2024-01-02 10:15:00,56.59,actual
2024-01-02 10:20:00,111.44,actual
2024-01-02 10:25:00,96.31,actual
2024-01-02 10:30:00,96.1,actual
2024-01-02 10:35:00,117.27,actual
2024-01-02 10:40:00,79.81,actual
2024-01-02 10:45:00,129.02,actual
2024-01-02 10:50:00,85.89,actual
2024-01-02 10:55:00,81.92,actual
2024-01-02 11:00:00,57.83,actual
2024-01-02 11:05:00,56.18,actual
2024-01-02 11:10:00,61.07,actual
2024-01-02 11:15:00,36.24,actual
2024-01-02 11:20:00,40.23,actual
2024-01-02 11:25:00,42.1,actual
2024-01-02 11:30:00,47.44,actual
2024-01-02 11:35:00,50.96,actual
2024-01-02 11:40:00,54.1,actual
2024-01-02 11:45:00,63.2,actual
2024-01-02 11:50:00,38.22,actual
2024-01-02 11:55:00,54.94,actual
2024-01-02 12:00:00,62.43,actual
2024-01-02 12:05:00,49.52,actual
2024-01-02 12:10:00,40.12,actual
2024-01-02 12:15:00,39.6,actual
2024-01-02 12:20:00,34.06,actual
2024-01-02 12:25:00,47.85,actual
2024-01-02 12:30:00,45.97,actual
2024-01-02 12:35:00,36.14,actual
2024-01-02 12:40:00,24.57,actual
2024-01-02 12:45:00,50.47,actual
2024-01-02 12:50:00,46.01,actual
2024-01-02 12:55:00,26.38,actual
2024-01-02 13:00:00,90.2,actual
2024-01-02 13:05:00,62.83,actual
2024-01-02 13:10:00,116.05,actual
2024-01-02 13:15:00,82.94,actual
2024-01-02 13:20:00,86.91,actual
2024-01-02 13:25:00,86.36,actual
2024-01-02 13:30:00,86.57,actual
2024-01-02 13:35:00,144.33,actual
2024-01-02 13:40:00,74.14,actual
2024-01-02 13:45:00,89.56,actual
2024-01-02 13:50:00,101.52,actual
2024-01-02 13:55:00,141.54,actual
2024-01-02 14:00:00,79.32,actual
2024-01-02 14:05:00,87.93,actual
2024-01-02 14:10:00,92.47,actual
2024-01-02 14:15:00,83.12,actual
2024-01-02 14:20:00,83.55,actual
2024-01-02 14:25:00,84.84,actual
2024-01-02 14:30:00,71.31,actual
2024-01-02 14:35:00,84.49,actual
2024-01-02 14:40:00,87.98,actual
2024-01-02 14:45:00,109.83,actual
2024-01-02 14:50:00,111.66,actual
2024-01-02 14:55:00,78.03,actual
2024-01-02 15:00:00,108.54,actual
2024-01-02 15:05:00,257.93,actual
2024-01-02 15:10:00,117.46,actual
2024-01-02 15:15:00,98.06,actual
2024-01-02 15:20:00,63.4,actual
2024-01-02 15:25:00,79.35,actual
2024-01-02 15:30:00,114.72,actual
2024-01-02 15:35:00,72.98,actual
2024-01-02 15:40:00,83.44,actual
2024-01-02 15:45:00,78.82,actual
2024-01-02 15:50:00,100.01,actual
2024-01-02 15:55:00,104.08,actual
2024-01-02 16:00:00,46.32,actual
2024-01-02 16:05:00,47.71,actual
2024-01-02 16:10:00,64.44,actual
2024-01-02 16:15:00,43.09,actual
2024-01-02 16:20:00,62.21,actual
2024-01-02 16:25:00,57.77,actual
2024-01-02 16:30:00,57.15,actual
2024-01-02 16:35:00,41.78,actual
2024-01-02 16:40:00,55.48,actual
2024-01-02 16:45:00,68.23,actual
2024-01-02 16:50:00,54.55,actual
2024-01-02 16:55:00,50.08,actual
2024-01-02 17:00:00,68.4,actual
2024-01-02 17:05:00,57.61,actual
2024-01-02 17:10:00,42.05,actual
2024-01-02 17:15:00,53.32,actual
2024-01-02 17:20:00,56.5,actual
2024-01-02 17:25:00,54.81,actual
2024-01-02 17:30:00,49.1,actual
2024-01-02 17:35:00,54.22,actual
2024-01-02 17:40:00,40.58,actual
2024-01-02 17:45:00,52.36,actual
2024-01-02 17:50:00,78.38,actual
2024-01-02 17:55:00,49.89,actual
2024-01-02 18:00:00,166.13,actual
2024-01-02 18:05:00,143.41,actual
2024-01-02 18:10:00,154.51,actual
2024-01-02 18:15:00,168.36,actual
2024-01-02 18:20:00,158.04,actual
2024-01-02 18:25:00,197.11,actual
2024-01-02 18:30:00,173.83,actual
2024-01-02 18:35:00,169.39,actual
2024-01-02 18:40:00,169.99,actual
2024-01-02 18:45:00,139.15,actual
2024-01-02 18:50:00,143.88,actual
2024-01-02 18:55:00,148.87,actual
2024-01-02 19:00:00,167.18,actual
2024-01-02 19:05:00,166.06,actual
2024-01-02 19:10:00,95.13,actual
2024-01-02 19:15:00,1069.18,actual
2024-01-02 19:20:00,185.03,actual
2024-01-02 19:25:00,166.74,actual
2024-01-02 19:30:00,178.86,actual
2024-01-02 19:35:00,973.16,actual
2024-01-02 19:40:00,152.62,actual
2024-01-02 19:45:00,127.19,actual
2024-01-02 19:50:00,192.69,actual
2024-01-02 19:55:00,123.08,actual
2024-01-02 20:00:00,142.55,actual
2024-01-02 20:05:00,197.68,actual
2024-01-02 20:10:00,229.2,actual
2024-01-02 20:15:00,151.85,actual
2024-01-02 20:20:00,141.86,actual
2024-01-02 20:25:00,125.91,actual
2024-01-02 20:30:00,127.39,actual
2024-01-02 20:35:00,131.72,actual
2024-01-02 20:40:00,151.73,actual
2024-01-02 20:45:00,88.26,actual
2024-01-02 20:50:00,110.57,actual
2024-01-02 20:55:00,117.2,actual
2024-01-02 21:00:00,189.01,actual
2024-01-02 21:05:00,127.04,actual
2024-01-02 21:10:00,198.66,actual
2024-01-02 21:15:00,105.63,actual
2024-01-02 21:20:00,167.28,actual
2024-01-02 21:25:00,147.19,actual
2024-01-02 21:30:00,151.08,actual
2024-01-02 21:35:00,210.12,actual
2024-01-02 21:40:00,181.59,actual
2024-01-02 21:45:00,101.25,actual
2024-01-02 21:50:00,111.81,actual
2024-01-02 21:55:00,95.02,actual
2024-01-02 22:00:00,103.41,actual
2024-01-02 22:05:00,160.25,actual
2024-01-02 22:10:00,134.08,actual
2024-01-02 22:15:00,425.72,actual
2024-01-02 22:20:00,176.53,actual
2024-01-02 22:25:00,166.38,actual
2024-01-02 22:30:00,91.45,actual
2024-01-02 22:35:00,140.09,actual
2024-01-02 22:40:00,171.24,actual
2024-01-02 22:45:00,148.8,actual
2024-01-02 22:50:00,149.31,actual
2024-01-02 22:55:00,148.14,actual
2024-01-02 23:00:00,307.37,actual
2024-01-02 23:05:00,348.1,actual
2024-01-02 23:10:00,107.01,actual
2024-01-02 23:15:00,125.2,actual
2024-01-02 23:20:00,117.83,actual
2024-01-02 23:25:00,160.25,actual
2024-01-02 23:30:00,139.48,actual
2024-01-02 23:35:00,172.35,actual
2024-01-02 23:40:00,110.09,actual
2024-01-02 23:45:00,126.25,actual
2024-01-02 23:50:00,224.97,actual
2024-01-02 23:55:00,121.04,actual
2024-01-03 00:00:00,61.65,actual
2024-01-03 00:05:00,46.35,actual
2024-01-03 00:10:00,34.95,actual
2024-01-03 00:15:00,45.07,actual
2024-01-03 00:20:00,50.57,actual
2024-01-03 00:25:00,47.88,actual
2024-01-03 00:30:00,52.2,actual
2024-01-03 00:35:00,51.89,actual
2024-01-03 00:40:00,45.2,actual
2024-01-03 00:45:00,45.7,actual
2024-01-03 00:50:00,44.03,actual
2024-01-03 00:55:00,46.26,actual
2024-01-03 01:00:00,56.01,actual
2024-01-03 01:05:00,40.71,actual
2024-01-03 01:10:00,26.32,actual
2024-01-03 01:15:00,63.41,actual
2024-01-03 01:20:00,31.14,actual
2024-01-03 01:25:00,59.04,actual
2024-01-03 01:30:00,58.1,actual
2024-01-03 01:35:00,45.18,actual
2024-01-03 01:40:00,54.66,actual
2024-01-03 01:45:00,38.25,actual
2024-01-03 01:50:00,56.48,actual
2024-01-03 01:55:00,56.43,actual
2024-01-03 02:00:00,57.42,actual
2024-01-03 02:05:00,67.25,actual
2024-01-03 02:10:00,54.62,actual
2024-01-03 02:15:00,60.27,actual
2024-01-03 02:20:00,46.52,actual
2024-01-03 02:25:00,56.85,actual
2024-01-03 02:30:00,64.15,actual
2024-01-03 02:35:00,46.62,actual
2024-01-03 02:40:00,42.4,actual
2024-01-03 02:45:00,41.11,actual
2024-01-03 02:50:00,38.62,actual
2024-01-03 02:55:00,47.13,actual
2024-01-03 03:00:00,44.21,actual
2024-01-03 03:05:00,43.74,actual
2024-01-03 03:10:00,66.34,actual
2024-01-03 03:15:00,65.85,actual
2024-01-03 03:20:00,61.87,actual
2024-01-03 03:25:00,38.79,actual
2024-01-03 03:30:00,35.45,actual
2024-01-03 03:35:00,46.38,actual
2024-01-03 03:40:00,52.46,actual
2024-01-03 03:45:00,53.96,actual
2024-01-03 03:50:00,40.18,actual
2024-01-03 03:55:00,47.29,actual
2024-01-03 04:00:00,52.89,actual
2024-01-03 04:05:00,49.23,actual
2024-01-03 04:10:00,68.94,actual
2024-01-03 04:15:00,53.25,actual
2024-01-03 04:20:00,45.9,actual
2024-01-03 04:25:00,44.86,actual
2024-01-03 04:30:00,56.91,actual
2024-01-03 04:35:00,41.75,actual
2024-01-03 04:40:00,56.52,actual
2024-01-03 04:45:00,62.59,actual
2024-01-03 04:50:00,37.37,actual
2024-01-03 04:55:00,37.89,actual
2024-01-03 05:00:00,69.62,actual
2024-01-03 05:05:00,38.5,actual
2024-01-03 05:10:00,49.81,actual
2024-01-03 05:15:00,57.19,actual
2024-01-03 05:20:00,61.35,actual
2024-01-03 05:25:00,53.37,actual
2024-01-03 05:30:00,48.62,actual
2024-01-03 05:35:00,44.78,actual
2024-01-03 05:40:00,61.68,actual
2024-01-03 05:45:00,49.92,actual
2024-01-03 05:50:00,39.32,actual
2024-01-03 05:55:00,48.33,actual
2024-01-03 06:00:00,97.73,actual
2024-01-03 06:05:00,103.0,actual
2024-01-03 06:10:00,31.64,actual
2024-01-03 06:15:00,89.51,actual
2024-01-03 06:20:00,90.43,actual
2024-01-03 06:25:00,122.41,actual
2024-01-03 06:30:00,112.05,actual
2024-01-03 06:35:00,144.47,actual
2024-01-03 06:40:00,123.83,actual
2024-01-03 06:45:00,88.82,actual
2024-01-03 06:50:00,77.5,actual
2024-01-03 06:55:00,76.97,actual
2024-01-03 07:00:00,91.1,actual
2024-01-03 07:05:00,118.91,actual
2024-01-03 07:10:00,39.25,actual
2024-01-03 07:15:00,129.94,actual
2024-01-03 07:20:00,90.69,actual
2024-01-03 07:25:00,77.1,actual
2024-01-03 07:30:00,89.84,actual
2024-01-03 07:35:00,94.66,actual
2024-01-03 07:40:00,100.03,actual
2024-01-03 07:45:00,86.78,actual
2024-01-03 07:50:00,90.17,actual
2024-01-03 07:55:00,76.71,actual
2024-01-03 08:00:00,123.75,actual
2024-01-03 08:05:00,42.92,actual
2024-01-03 08:10:00,79.34,actual
2024-01-03 08:15:00,88.63,actual
2024-01-03 08:20:00,84.25,actual
2024-01-03 08:25:00,114.37,actual
2024-01-03 08:30:00,97.76,actual
2024-01-03 08:35:00,95.72,actual
2024-01-03 08:40:00,110.73,actual
2024-01-03 08:45:00,103.15,actual
2024-01-03 08:50:00,110.23,actual
2024-01-03 08:55:00,113.82,actual
2024-01-03 09:00:00,60.96,actual
2024-01-03 09:05:00,101.74,actual
2024-01-03 09:10:00,73.5,actual
2024-01-03 09:15:00,85.73,actual
2024-01-03 09:20:00,115.43,actual
2024-01-03 09:25:00,83.56,actual
2024-01-03 09:30:00,119.13,actual
2024-01-03 09:35:00,61.72,actual
2024-01-03 09:40:00,92.97,actual
2024-01-03 09:45:00,146.12,actual
2024-01-03 09:50:00,88.64,actual
2024-01-03 09:55:00,97.77,actual
2024-01-03 10:00:00,122.62,actual
2024-01-03 10:05:00,124.83,actual
2024-01-03 10:10:00,99.83,actual
2024-01-03 10:15:00,254.95,actual
2024-01-03 10:20:00,142.61,actual
2024-01-03 10:25:00,132.18,actual
2024-01-03 10:30:00,101.92,actual
2024-01-03 10:35:00,77.29,actual
2024-01-03 10:40:00,101.8,actual
2024-01-03 10:45:00,118.84,actual
2024-01-03 10:50:00,108.5,actual
2024-01-03 10:55:00,83.18,actual
2024-01-03 11:00:00,52.94,actual
2024-01-03 11:05:00,48.58,actual
2024-01-03 11:10:00,40.45,actual
2024-01-03 11:15:00,39.84,actual
2024-01-03 11:20:00,47.57,actual
2024-01-03 11:25:00,42.77,actual
2024-01-03 11:30:00,30.03,actual
2024-01-03 11:35:00,38.16,actual
2024-01-03 11:40:00,52.62,actual
2024-01-03 11:45:00,39.23,actual
2024-01-03 11:50:00,34.15,actual
2024-01-03 11:55:00,55.67,actual
2024-01-03 12:00:00,52.94,actual
2024-01-03 12:05:00,58.72,actual
2024-01-03 12:10:00,51.26,actual
2024-01-03 12:15:00,51.01,actual
2024-01-03 12:20:00,39.07,actual
2024-01-03 12:25:00,24.62,actual
2024-01-03 12:30:00,58.1,actual
2024-01-03 12:35:00,30.58,actual
2024-01-03 12:40:00,51.24,actual
2024-01-03 12:45:00,55.49,actual
2024-01-03 12:50:00,33.51,actual
2024-01-03 12:55:00,47.19,actual
2024-01-03 13:00:00,95.53,actual
2024-01-03 13:05:00,149.48,actual
2024-01-03 13:10:00,80.08,actual
2024-01-03 13:15:00,120.05,actual
2024-01-03 13:20:00,118.59,actual
2024-01-03 13:25:00,91.58,actual
2024-01-03 13:30:00,101.52,actual
2024-01-03 13:35:00,117.38,actual
2024-01-03 13:40:00,85.78,actual
2024-01-03 13:45:00,65.85,actual
2024-01-03 13:50:00,112.68,actual
2024-01-03 13:55:00,101.63,actual
2024-01-03 14:00:00,96.21,actual
2024-01-03 14:05:00,135.29,actual
2024-01-03 14:10:00,70.88,actual
2024-01-03 14:15:00,122.4,actual
2024-01-03 14:20:00,97.13,actual
2024-01-03 14:25:00,101.61,actual
2024-01-03 14:30:00,64.18,actual
2024-01-03 14:35:00,118.02,actual
2024-01-03 14:40:00,73.36,actual
2024-01-03 14:45:00,139.72,actual
2024-01-03 14:50:00,83.82,actual
2024-01-03 14:55:00,102.95,actual
2024-01-03 15:00:00,81.71,actual
2024-01-03 15:05:00,105.54,actual
2024-01-03 15:10:00,80.06,actual
2024-01-03 15:15:00,103.31,actual
2024-01-03 15:20:00,88.0,actual
2024-01-03 15:25:00,96.59,actual
2024-01-03 15:30:00,130.36,actual
2024-01-03 15:35:00,87.4,actual
2024-01-03 15:40:00,116.51,actual
2024-01-03 15:45:00,111.1,actual
2024-01-03 15:50:00,110.01,actual
2024-01-03 15:55:00,85.33,actual
2024-01-03 16:00:00,52.56,actual
2024-01-03 16:05:00,53.66,actual
2024-01-03 16:10:00,42.7,actual
2024-01-03 16:15:00,48.42,actual
2024-01-03 16:20:00,65.39,actual
2024-01-03 16:25:00,74.24,actual
2024-01-03 16:30:00,56.55,actual
2024-01-03 16:35:00,34.49,actual
2024-01-03 16:40:00,45.75,actual
2024-01-03 16:45:00,35.55,actual
2024-01-03 16:50:00,54.26,actual
2024-01-03 16:55:00,56.27,actual
2024-01-03 17:00:00,59.08,actual
2024-01-03 17:05:00,38.49,actual
2024-01-03 17:10:00,68.17,actual
2024-01-03 17:15:00,60.79,actual
2024-01-03 17:20:00,54.3,actual
2024-01-03 17:25:00,34.55,actual
2024-01-03 17:30:00,47.29,actual
2024-01-03 17:35:00,44.25,actual
2024-01-03 17:40:00,44.41,actual
2024-01-03 17:45:00,48.01,actual
2024-01-03 17:50:00,59.11,actual
2024-01-03 17:55:00,63.56,actual
2024-01-03 18:00:00,61.91,actual
2024-01-03 18:05:00,221.2,actual
2024-01-03 18:10:00,179.39,actual
2024-01-03 18:15:00,162.43,actual
2024-01-03 18:20:00,143.95,actual
2024-01-03 18:25:00,103.5,actual
2024-01-03 18:30:00,174.44,actual
2024-01-03 18:35:00,181.49,actual
2024-01-03 18:40:00,185.47,actual
2024-01-03 18:45:00,164.75,actual
2024-01-03 18:50:00,221.43,actual
2024-01-03 18:55:00,99.24,actual
2024-01-03 19:00:00,89.04,actual
2024-01-03 19:05:00,135.56,actual
2024-01-03 19:10:00,181.19,actual
2024-01-03 19:15:00,128.69,actual
2024-01-03 19:20:00,138.33,actual
2024-01-03 19:25:00,161.69,actual
2024-01-03 19:30:00,145.97,actual
2024-01-03 19:35:00,178.1,actual
2024-01-03 19:40:00,156.01,actual
2024-01-03 19:45:00,139.42,actual
2024-01-03 19:50:00,148.25,actual
2024-01-03 19:55:00,169.5,actual
2024-01-03 20:00:00,148.59,actual
2024-01-03 20:05:00,148.99,actual
2024-01-03 20:10:00,173.84,actual
2024-01-03 20:15:00,168.55,actual
2024-01-03 20:20:00,111.97,actual
2024-01-03 20:25:00,179.16,actual
2024-01-03 20:30:00,146.55,actual
2024-01-03 20:35:00,107.9,actual
2024-01-03 20:40:00,257.29,actual
2024-01-03 20:45:00,158.12,actual
2024-01-03 20:50:00,103.8,actual
2024-01-03 20:55:00,141.0,actual
2024-01-03 21:00:00,104.09,actual
2024-01-03 21:05:00,101.95,actual
2024-01-03 21:10:00,150.42,actual
2024-01-03 21:15:00,163.74,actual
2024-01-03 21:20:00,166.34,actual
2024-01-03 21:25:00,154.69,actual
2024-01-03 21:30:00,167.24,actual
2024-01-03 21:35:00,155.35,actual
2024-01-03 21:40:00,206.26,actual
2024-01-03 21:45:00,161.84,actual
2024-01-03 21:50:00,173.68,actual
2024-01-03 21:55:00,147.57,actual
2024-01-03 22:00:00,212.02,actual
2024-01-03 22:05:00,146.67,actual
2024-01-03 22:10:00,135.22,actual
2024-01-03 22:15:00,141.0,actual
2024-01-03 22:20:00,137.51,actual
2024-01-03 22:25:00,117.54,actual
2024-01-03 22:30:00,114.55,actual
2024-01-03 22:35:00,280.83,actual
2024-01-03 22:40:00,185.08,actual
2024-01-03 22:45:00,135.52,actual
2024-01-03 22:50:00,200.64,actual
2024-01-03 22:55:00,110.69,actual
2024-01-03 23:00:00,123.06,actual
2024-01-03 23:05:00,142.75,actual
2024-01-03 23:10:00,152.41,actual
2024-01-03 23:15:00,112.0,actual
2024-01-03 23:20:00,148.35,actual
2024-01-03 23:25:00,155.97,actual
2024-01-03 23:30:00,130.87,actual
2024-01-03 23:35:00,105.05,actual
2024-01-03 23:40:00,181.06,actual
2024-01-03 23:45:00,125.88,actual
2024-01-03 23:50:00,193.62,actual
2024-01-03 23:55:00,146.29,actual
2024-01-04 00:00:00,62.43,actual
2024-01-04 00:05:00,47.33,actual
2024-01-04 00:10:00,48.84,actual
2024-01-04 00:15:00,39.28,actual
2024-01-04 00:20:00,42.03,actual
2024-01-04 00:25:00,51.58,actual
2024-01-04 00:30:00,50.05,actual
2024-01-04 00:35:00,39.48,actual
2024-01-04 00:40:00,46.11,actual
2024-01-04 00:45:00,60.87,actual
2024-01-04 00:50:00,47.91,actual
2024-01-04 00:55:00,44.48,actual
2024-01-04 01:00:00,58.23,actual
2024-01-04 01:05:00,53.3,actual
2024-01-04 01:10:00,50.37,actual
2024-01-04 01:15:00,47.41,actual
2024-01-04 01:20:00,47.99,actual
2024-01-04 01:25:00,60.65,actual
2024-01-04 01:30:00,39.01,actual
2024-01-04 01:35:00,45.83,actual
2024-01-04 01:40:00,37.25,actual
2024-01-04 01:45:00,49.33,actual
2024-01-04 01:50:00,59.96,actual
2024-01-04 01:55:00,49.91,actual
2024-01-04 02:00:00,59.87,actual
2024-01-04 02:05:00,53.71,actual
2024-01-04 02:10:00,37.97,actual
2024-01-04 02:15:00,50.79,actual
2024-01-04 02:20:00,42.12,actual
2024-01-04 02:25:00,50.41,actual
2024-01-04 02:30:00,42.39,actual
2024-01-04 02:35:00,40.61,actual
2024-01-04 02:40:00,53.72,actual
2024-01-04 02:45:00,53.77,actual
2024-01-04 02:50:00,57.16,actual
2024-01-04 02:55:00,53.62,actual
2024-01-04 03:00:00,51.37,actual
2024-01-04 03:05:00,54.54,actual
2024-01-04 03:10:00,51.15,actual
2024-01-04 03:15:00,46.44,actual
2024-01-04 03:20:00,111.2,actual
2024-01-04 03:25:00,48.39,actual
2024-01-04 03:30:00,46.33,actual
2024-01-04 03:35:00,62.16,actual
2024-01-04 03:40:00,50.56,actual
2024-01-04 03:45:00,47.92,actual
2024-01-04 03:50:00,60.55,actual
2024-01-04 03:55:00,59.99,actual
2024-01-04 04:00:00,46.01,actual
2024-01-04 04:05:00,40.54,actual
2024-01-04 04:10:00,51.16,actual
2024-01-04 04:15:00,59.52,actual
2024-01-04 04:20:00,53.49,actual
2024-01-04 04:25:00,77.69,actual
2024-01-04 04:30:00,57.36,actual
2024-01-04 04:35:00,54.09,actual
2024-01-04 04:40:00,35.35,actual
2024-01-04 04:45:00,58.41,actual
2024-01-04 04:50:00,196.84,actual
2024-01-04 04:55:00,37.07,actual
2024-01-04 05:00:00,57.78,actual
2024-01-04 05:05:00,58.06,actual
2024-01-04 05:10:00,44.29,actual
2024-01-04 05:15:00,47.48,actual
2024-01-04 05:20:00,71.67,actual
2024-01-04 05:25:00,57.54,actual
2024-01-04 05:30:00,45.42,actual
2024-01-04 05:35:00,55.54,actual
2024-01-04 05:40:00,55.67,actual
2024-01-04 05:45:00,43.72,actual
2024-01-04 05:50:00,25.47,actual
2024-01-04 05:55:00,32.99,actual
2024-01-04 06:00:00,67.85,actual
2024-01-04 06:05:00,119.32,actual
2024-01-04 06:10:00,41.89,actual
2024-01-04 06:15:00,92.26,actual
2024-01-04 06:20:00,87.31,actual
2024-01-04 06:25:00,94.24,actual
2024-01-04 06:30:00,118.9,actual
2024-01-04 06:35:00,97.43,actual
2024-01-04 06:40:00,76.17,actual
2024-01-04 06:45:00,78.66,actual
2024-01-04 06:50:00,294.87,actual
2024-01-04 06:55:00,90.66,actual
2024-01-04 07:00:00,104.01,actual
2024-01-04 07:05:00,658.23,actual
2024-01-04 07:10:00,115.79,actual
2024-01-04 07:15:00,91.59,actual
2024-01-04 07:20:00,135.26,actual
2024-01-04 07:25:00,78.4,actual
2024-01-04 07:30:00,1230.26,actual
2024-01-04 07:35:00,136.02,actual
2024-01-04 07:40:00,77.58,actual
2024-01-04 07:45:00,67.64,actual
2024-01-04 07:50:00,51.56,actual
2024-01-04 07:55:00,131.54,actual
2024-01-04 08:00:00,85.13,actual
2024-01-04 08:05:00,103.88,actual
2024-01-04 08:10:00,75.02,actual
2024-01-04 08:15:00,91.49,actual
2024-01-04 08:20:00,120.31,actual
2024-01-04 08:25:00,104.82,actual
2024-01-04 08:30:00,148.07,actual
2024-01-04 08:35:00,106.97,actual
2024-01-04 08:40:00,97.93,actual
2024-01-04 08:45:00,77.96,actual
2024-01-04 08:50:00,93.73,actual
2024-01-04 08:55:00,99.8,actual
2024-01-04 09:00:00,85.86,actual
2024-01-04 09:05:00,96.38,actual
2024-01-04 09:10:00,76.2,actual
2024-01-04 09:15:00,118.35,actual
2024-01-04 09:20:00,141.91,actual
2024-01-04 09:25:00,126.22,actual
2024-01-04 09:30:00,113.37,actual
2024-01-04 09:35:00,130.08,actual
2024-01-04 09:40:00,96.25,actual
2024-01-04 09:45:00,82.09,actual
2024-01-04 09:50:00,125.87,actual
2024-01-04 09:55:00,109.92,actual
2024-01-04 10:00:00,124.36,actual
2024-01-04 10:05:00,74.18,actual
2024-01-04 10:10:00,62.38,actual
2024-01-04 10:15:00,80.7,actual
2024-01-04 10:20:00,117.09,actual
2024-01-04 10:25:00,118.93,actual
2024-01-04 10:30:00,111.69,actual
2024-01-04 10:35:00,104.64,actual
2024-01-04 10:40:00,74.41,actual
2024-01-04 10:45:00,97.77,actual
2024-01-04 10:50:00,77.21,actual
2024-01-04 10:55:00,123.69,actual
2024-01-04 11:00:00,69.62,actual
2024-01-04 11:05:00,69.42,actual
2024-01-04 11:10:00,59.07,actual
2024-01-04 11:15:00,42.36,actual
2024-01-04 11:20:00,58.46,actual
2024-01-04 11:25:00,50.72,actual
2024-01-04 11:30:00,41.87,actual
2024-01-04 11:35:00,38.41,actual
2024-01-04 11:40:00,55.65,actual
2024-01-04 11:45:00,62.42,actual
2024-01-04 11:50:00,42.41,actual
2024-01-04 11:55:00,46.86,actual
2024-01-04 12:00:00,50.56,actual
2024-01-04 12:05:00,33.75,actual
2024-01-04 12:10:00,87.78,actual
2024-01-04 12:15:00,44.33,actual
2024-01-04 12:20:00,36.8,actual
2024-01-04 12:25:00,64.31,actual
2024-01-04 12:30:00,52.48,actual
2024-01-04 12:35:00,40.61,actual
2024-01-04 12:40:00,45.6,actual
2024-01-04 12:45:00,57.63,actual
2024-01-04 12:50:00,30.99,actual
2024-01-04 12:55:00,38.71,actual
2024-01-04 13:00:00,102.85,actual
2024-01-04 13:05:00,74.08,actual
2024-01-04 13:10:00,103.51,actual
2024-01-04 13:15:00,93.78,actual
2024-01-04 13:20:00,90.87,actual
2024-01-04 13:25:00,140.71,actual
2024-01-04 13:30:00,116.94,actual
2024-01-04 13:35:00,124.17,actual
2024-01-04 13:40:00,111.07,actual
2024-01-04 13:45:00,113.81,actual
2024-01-04 13:50:00,87.35,actual
2024-01-04 13:55:00,110.52,actual
2024-01-04 14:00:00,109.77,actual
2024-01-04 14:05:00,118.72,actual
2024-01-04 14:10:00,125.73,actual
2024-01-04 14:15:00,121.24,actual
2024-01-04 14:20:00,70.61,actual
2024-01-04 14:25:00,94.75,actual
2024-01-04 14:30:00,111.01,actual
2024-01-04 14:35:00,95.86,actual
2024-01-04 14:40:00,103.39,actual
2024-01-04 14:45:00,90.55,actual
2024-01-04 14:50:00,116.59,actual
2024-01-04 14:55:00,91.9,actual
2024-01-04 15:00:00,64.64,actual
2024-01-04 15:05:00,107.11,actual
2024-01-04 15:10:00,113.43,actual
2024-01-04 15:15:00,96.43,actual
2024-01-04 15:20:00,118.41,actual
2024-01-04 15:25:00,110.56,actual
2024-01-04 15:30:00,84.23,actual
2024-01-04 15:35:00,126.94,actual
2024-01-04 15:40:00,60.94,actual
2024-01-04 15:45:00,105.73,actual
2024-01-04 15:50:00,112.45,actual
2024-01-04 15:55:00,109.27,actual
2024-01-04 16:00:00,52.58,actual
2024-01-04 16:05:00,57.75,actual
2024-01-04 16:10:00,40.14,actual
2024-01-04 16:15:00,47.03,actual
2024-01-04 16:20:00,40.85,actual
2024-01-04 16:25:00,58.38,actual
2024-01-04 16:30:00,65.52,actual
2024-01-04 16:35:00,46.96,actual
2024-01-04 16:40:00,66.45,actual
2024-01-04 16:45:00,47.93,actual
2024-01-04 16:50:00,42.04,actual
2024-01-04 16:55:00,55.66,actual
2024-01-04 17:00:00,48.24,actual
2024-01-04 17:05:00,62.44,actual
2024-01-04 17:10:00,38.3,actual
2024-01-04 17:15:00,49.7,actual
2024-01-04 17:20:00,52.37,actual
2024-01-04 17:25:00,55.28,actual
2024-01-04 17:30:00,52.5,actual
2024-01-04 17:35:00,61.38,actual
2024-01-04 17:40:00,43.01,actual
2024-01-04 17:45:00,39.56,actual
2024-01-04 17:50:00,58.29,actual
2024-01-04 17:55:00,45.27,actual
2024-01-04 18:00:00,155.82,actual
2024-01-04 18:05:00,136.86,actual
2024-01-04 18:10:00,174.52,actual
2024-01-04 18:15:00,148.31,actual
2024-01-04 18:20:00,202.09,actual
2024-01-04 18:25:00,127.45,actual
2024-01-04 18:30:00,147.67,actual
2024-01-04 18:35:00,714.84,actual
2024-01-04 18:40:00,334.37,actual
2024-01-04 18:45:00,178.41,actual
2024-01-04 18:50:00,151.87,actual
2024-01-04 18:55:00,180.68,actual
2024-01-04 19:00:00,173.33,actual
2024-01-04 19:05:00,167.8,actual
2024-01-04 19:10:00,169.71,actual
2024-01-04 19:15:00,145.82,actual
2024-01-04 19:20:00,163.81,actual
2024-01-04 19:25:00,162.42,actual
2024-01-04 19:30:00,108.98,actual
2024-01-04 19:35:00,125.58,actual
2024-01-04 19:40:00,258.44,actual
2024-01-04 19:45:00,89.01,actual
2024-01-04 19:50:00,178.69,actual
2024-01-04 19:55:00,166.84,actual
2024-01-04 20:00:00,120.88,actual
2024-01-04 20:05:00,148.73,actual
2024-01-04 20:10:00,171.7,actual
2024-01-04 20:15:00,936.56,actual
2024-01-04 20:20:00,164.4,actual
2024-01-04 20:25:00,155.23,actual
2024-01-04 20:30:00,179.49,actual
2024-01-04 20:35:00,151.08,actual
2024-01-04 20:40:00,115.95,actual
2024-01-04 20:45:00,143.7,actual
2024-01-04 20:50:00,152.89,actual
2024-01-04 20:55:00,254.3,actual
2024-01-04 21:00:00,347.92,actual
2024-01-04 21:05:00,158.89,actual
2024-01-04 21:10:00,114.1,actual
2024-01-04 21:15:00,149.77,actual
2024-01-04 21:20:00,180.24,actual
2024-01-04 21:25:00,159.8,actual
2024-01-04 21:30:00,191.13,actual
2024-01-04 21:35:00,196.63,actual
2024-01-04 21:40:00,175.43,actual
2024-01-04 21:45:00,132.99,actual
2024-01-04 21:50:00,146.4,actual
2024-01-04 21:55:00,196.76,actual
2024-01-04 22:00:00,117.83,actual
2024-01-04 22:05:00,198.53,actual
2024-01-04 22:10:00,180.59,actual
2024-01-04 22:15:00,133.2,actual
2024-01-04 22:20:00,185.55,actual
2024-01-04 22:25:00,172.68,actual
2024-01-04 22:30:00,160.73,actual
2024-01-04 22:35:00,126.55,actual
2024-01-04 22:40:00,158.38,actual
2024-01-04 22:45:00,212.0,actual
2024-01-04 22:50:00,148.98,actual
2024-01-04 22:55:00,131.17,actual
2024-01-04 23:00:00,130.15,actual
2024-01-04 23:05:00,108.53,actual
2024-01-04 23:10:00,133.24,actual
2024-01-04 23:15:00,136.18,actual
2024-01-04 23:20:00,144.39,actual
2024-01-04 23:25:00,224.39,actual
2024-01-04 23:30:00,125.15,actual
2024-01-04 23:35:00,165.02,actual
2024-01-04 23:40:00,129.3,actual
2024-01-04 23:45:00,203.79,actual
2024-01-04 23:50:00,120.44,actual
2024-01-04 23:55:00,116.47,actual
2024-01-05 00:00:00,35.41,actual
2024-01-05 00:05:00,46.33,actual
2024-01-05 00:10:00,69.13,actual
2024-01-05 00:15:00,54.08,actual
2024-01-05 00:20:00,72.68,actual
2024-01-05 00:25:00,54.25,actual
2024-01-05 00:30:00,47.93,actual
2024-01-05 00:35:00,42.42,actual
2024-01-05 00:40:00,58.49,actual
2024-01-05 00:45:00,136.45,actual
2024-01-05 00:50:00,41.76,actual
2024-01-05 00:55:00,52.77,actual
2024-01-05 01:00:00,49.12,actual
2024-01-05 01:05:00,56.89,actual
2024-01-05 01:10:00,43.41,actual
2024-01-05 01:15:00,47.66,actual
2024-01-05 01:20:00,49.33,actual
2024-01-05 01:25:00,52.63,actual
2024-01-05 01:30:00,48.36,actual
2024-01-05 01:35:00,61.96,actual
2024-01-05 01:40:00,54.5,actual
2024-01-05 01:45:00,48.1,actual
2024-01-05 01:50:00,58.95,actual
2024-01-05 01:55:00,82.53,actual
2024-01-05 02:00:00,36.49,actual
2024-01-05 02:05:00,55.81,actual
2024-01-05 02:10:00,47.55,actual
2024-01-05 02:15:00,62.81,actual
2024-01-05 02:20:00,40.4,actual
2024-01-05 02:25:00,49.87,actual
2024-01-05 02:30:00,64.13,actual
2024-01-05 02:35:00,47.41,actual
2024-01-05 02:40:00,64.9,actual
2024-01-05 02:45:00,43.39,actual
2024-01-05 02:50:00,44.86,actual
2024-01-05 02:55:00,33.18,actual
2024-01-05 03:00:00,49.29,actual
2024-01-05 03:05:00,47.4,actual
2024-01-05 03:10:00,46.64,actual
2024-01-05 03:15:00,55.48,actual
2024-01-05 03:20:00,50.63,actual
2024-01-05 03:25:00,51.85,actual
2024-01-05 03:30:00,62.0,actual
2024-01-05 03:35:00,37.89,actual
2024-01-05 03:40:00,44.57,actual
2024-01-05 03:45:00,57.61,actual
2024-01-05 03:50:00,55.63,actual
2024-01-05 03:55:00,64.09,actual
2024-01-05 04:00:00,53.56,actual
2024-01-05 04:05:00,55.15,actual
2024-01-05 04:10:00,59.47,actual
2024-01-05 04:15:00,59.56,actual
2024-01-05 04:20:00,56.85,actual
2024-01-05 04:25:00,54.05,actual
2024-01-05 04:30:00,53.33,actual
2024-01-05 04:35:00,51.64,actual
2024-01-05 04:40:00,48.82,actual
2024-01-05 04:45:00,40.33,actual
2024-01-05 04:50:00,53.69,actual
2024-01-05 04:55:00,61.73,actual
2024-01-05 05:00:00,41.66,actual
2024-01-05 05:05:00,48.84,actual
2024-01-05 05:10:00,59.02,actual
2024-01-05 05:15:00,38.15,actual
2024-01-05 05:20:00,48.5,actual
2024-01-05 05:25:00,42.19,actual
2024-01-05 05:30:00,54.72,actual
2024-01-05 05:35:00,56.06,actual
2024-01-05 05:40:00,38.29,actual
2024-01-05 05:45:00,49.65,actual
2024-01-05 05:50:00,37.08,actual
2024-01-05 05:55:00,48.0,actual
2024-01-05 06:00:00,105.41,actual
2024-01-05 06:05:00,91.27,actual
2024-01-05 06:10:00,94.9,actual
2024-01-05 06:15:00,114.27,actual
2024-01-05 06:20:00,75.46,actual
2024-01-05 06:25:00,109.98,actual
2024-01-05 06:30:00,104.13,actual
2024-01-05 06:35:00,100.34,actual
2024-01-05 06:40:00,93.23,actual
2024-01-05 06:45:00,87.44,actual
2024-01-05 06:50:00,66.19,actual
2024-01-05 06:55:00,108.43,actual
2024-01-05 07:00:00,104.82,actual
2024-01-05 07:05:00,86.7,actual
2024-01-05 07:10:00,77.71,actual
2024-01-05 07:15:00,101.24,actual
2024-01-05 07:20:00,76.58,actual
2024-01-05 07:25:00,520.74,actual
2024-01-05 07:30:00,57.67,actual
2024-01-05 07:35:00,65.17,actual
2024-01-05 07:40:00,84.68,actual
2024-01-05 07:45:00,105.26,actual
2024-01-05 07:50:00,265.43,actual
2024-01-05 07:55:00,128.76,actual
2024-01-05 08:00:00,81.58,actual
2024-01-05 08:05:00,166.51,actual
2024-01-05 08:10:00,107.3,actual
2024-01-05 08:15:00,73.35,actual
2024-01-05 08:20:00,93.38,actual
2024-01-05 08:25:00,94.12,actual
2024-01-05 08:30:00,92.85,actual
2024-01-05 08:35:00,100.18,actual
2024-01-05 08:40:00,97.75,actual
2024-01-05 08:45:00,86.91,actual
2024-01-05 08:50:00,103.58,actual
2024-01-05 08:55:00,104.04,actual
2024-01-05 09:00:00,62.74,actual
2024-01-05 09:05:00,109.54,actual
2024-01-05 09:10:00,110.39,actual
2024-01-05 09:15:00,107.43,actual
2024-01-05 09:20:00,114.8,actual
2024-01-05 09:25:00,75.44,actual
2024-01-05 09:30:00,111.59,actual
2024-01-05 09:35:00,81.79,actual
2024-01-05 09:40:00,111.63,actual
2024-01-05 09:45:00,98.39,actual
2024-01-05 09:50:00,133.58,actual
2024-01-05 09:55:00,101.79,actual
2024-01-05 10:00:00,88.84,actual
2024-01-05 10:05:00,112.21,actual
2024-01-05 10:10:00,119.04,actual
2024-01-05 10:15:00,114.79,actual
2024-01-05 10:20:00,122.38,actual
2024-01-05 10:25:00,122.94,actual
2024-01-05 10:30:00,68.27,actual
2024-01-05 10:35:00,80.75,actual
2024-01-05 10:40:00,102.22,actual
2024-01-05 10:45:00,70.22,actual
2024-01-05 10:50:00,81.82,actual
2024-01-05 10:55:00,65.29,actual
2024-01-05 11:00:00,54.92,actual
2024-01-05 11:05:00,42.61,actual
2024-01-05 11:10:00,48.55,actual
2024-01-05 11:15:00,50.89,actual
2024-01-05 11:20:00,43.18,actual
2024-01-05 11:25:00,58.02,actual
2024-01-05 11:30:00,54.17,actual
2024-01-05 11:35:00,48.44,actual
2024-01-05 11:40:00,36.0,actual
2024-01-05 11:45:00,43.54,actual
2024-01-05 11:50:00,32.67,actual
2024-01-05 11:55:00,73.35,actual
2024-01-05 12:00:00,47.96,actual
2024-01-05 12:05:00,56.81,actual
2024-01-05 12:10:00,49.71,actual
2024-01-05 12:15:00,53.02,actual
2024-01-05 12:20:00,60.14,actual
2024-01-05 12:25:00,60.73,actual
2024-01-05 12:30:00,46.8,actual
2024-01-05 12:35:00,51.73,actual
2024-01-05 12:40:00,55.47,actual
2024-01-05 12:45:00,44.14,actual
2024-01-05 12:50:00,37.48,actual
2024-01-05 12:55:00,43.58,actual
2024-01-05 13:00:00,105.59,actual
2024-01-05 13:05:00,109.99,actual
2024-01-05 13:10:00,91.2,actual
2024-01-05 13:15:00,92.09,actual
2024-01-05 13:20:00,118.39,actual
2024-01-05 13:25:00,97.71,actual
2024-01-05 13:30:00,107.29,actual
2024-01-05 13:35:00,93.75,actual
2024-01-05 13:40:00,103.95,actual
2024-01-05 13:45:00,92.6,actual
2024-01-05 13:50:00,109.77,actual
2024-01-05 13:55:00,124.43,actual
2024-01-05 14:00:00,102.04,actual
2024-01-05 14:05:00,72.92,actual
2024-01-05 14:10:00,69.58,actual
2024-01-05 14:15:00,90.1,actual
2024-01-05 14:20:00,131.22,actual
2024-01-05 14:25:00,73.54,actual
2024-01-05 14:30:00,100.62,actual
2024-01-05 14:35:00,90.62,actual
2024-01-05 14:40:00,124.77,actual
2024-01-05 14:45:00,119.61,actual
2024-01-05 14:50:00,93.76,actual
2024-01-05 14:55:00,110.26,actual
2024-01-05 15:00:00,231.08,actual
2024-01-05 15:05:00,110.07,actual
2024-01-05 15:10:00,112.64,actual
2024-01-05 15:15:00,116.78,actual
2024-01-05 15:20:00,109.68,actual
2024-01-05 15:25:00,95.99,actual
2024-01-05 15:30:00,77.75,actual
2024-01-05 15:35:00,72.41,actual
2024-01-05 15:40:00,100.03,actual
2024-01-05 15:45:00,70.12,actual
2024-01-05 15:50:00,93.72,actual
2024-01-05 15:55:00,87.46,actual
2024-01-05 16:00:00,30.53,actual
2024-01-05 16:05:00,44.62,actual
2024-01-05 16:10:00,41.71,actual
2024-01-05 16:15:00,50.35,actual
2024-01-05 16:20:00,41.67,actual
2024-01-05 16:25:00,54.56,actual
2024-01-05 16:30:00,55.77,actual
2024-01-05 16:35:00,38.85,actual
2024-01-05 16:40:00,58.63,actual
2024-01-05 16:45:00,50.45,actual
2024-01-05 16:50:00,47.7,actual
2024-01-05 16:55:00,61.26,actual
2024-01-05 17:00:00,65.26,actual
2024-01-05 17:05:00,49.6,actual
2024-01-05 17:10:00,44.78,actual
2024-01-05 17:15:00,59.73,actual
2024-01-05 17:20:00,54.29,actual
2024-01-05 17:25:00,42.44,actual
2024-01-05 17:30:00,54.75,actual
2024-01-05 17:35:00,48.84,actual
2024-01-05 17:40:00,51.13,actual
2024-01-05 17:45:00,50.49,actual
2024-01-05 17:50:00,63.63,actual
2024-01-05 17:55:00,54.51,actual
2024-01-05 18:00:00,118.77,actual
2024-01-05 18:05:00,146.81,actual
2024-01-05 18:10:00,136.48,actual
2024-01-05 18:15:00,164.09,actual
2024-01-05 18:20:00,167.78,actual
2024-01-05 18:25:00,189.36,actual
2024-01-05 18:30:00,131.45,actual
2024-01-05 18:35:00,137.94,actual
2024-01-05 18:40:00,145.72,actual
2024-01-05 18:45:00,154.68,actual
2024-01-05 18:50:00,207.33,actual
2024-01-05 18:55:00,142.52,actual
2024-01-05 19:00:00,165.39,actual
2024-01-05 19:05:00,124.11,actual
2024-01-05 19:10:00,75.42,actual
2024-01-05 19:15:00,133.5,actual
2024-01-05 19:20:00,161.13,actual
2024-01-05 19:25:00,179.55,actual
2024-01-05 19:30:00,176.46,actual
2024-01-05 19:35:00,114.28,actual
2024-01-05 19:40:00,153.46,actual
2024-01-05 19:45:00,190.28,actual
2024-01-05 19:50:00,156.5,actual
2024-01-05 19:55:00,187.42,actual
2024-01-05 20:00:00,97.49,actual
2024-01-05 20:05:00,166.36,actual
2024-01-05 20:10:00,177.61,actual
2024-01-05 20:15:00,133.92,actual
2024-01-05 20:20:00,177.99,actual
2024-01-05 20:25:00,162.27,actual
2024-01-05 20:30:00,180.74,actual
2024-01-05 20:35:00,94.21,actual
2024-01-05 20:40:00,183.98,actual
2024-01-05 20:45:00,144.89,actual
2024-01-05 20:50:00,142.82,actual
2024-01-05 20:55:00,200.88,actual
2024-01-05 21:00:00,485.68,actual
2024-01-05 21:05:00,134.25,actual
2024-01-05 21:10:00,121.59,actual
2024-01-05 21:15:00,176.36,actual
2024-01-05 21:20:00,166.16,actual
2024-01-05 21:25:00,105.31,actual
2024-01-05 21:30:00,100.56,actual
2024-01-05 21:35:00,167.88,actual
2024-01-05 21:40:00,158.59,actual
2024-01-05 21:45:00,157.72,actual
2024-01-05 21:50:00,135.52,actual
2024-01-05 21:55:00,124.19,actual
2024-01-05 22:00:00,114.64,actual
2024-01-05 22:05:00,117.63,actual
2024-01-05 22:10:00,201.85,actual
2024-01-05 22:15:00,112.59,actual
2024-01-05 22:20:00,147.6,actual
2024-01-05 22:25:00,212.79,actual
2024-01-05 22:30:00,129.23,actual
2024-01-05 22:35:00,169.8,actual
2024-01-05 22:40:00,138.57,actual
2024-01-05 22:45:00,75.44,actual
2024-01-05 22:50:00,174.06,actual
2024-01-05 22:55:00,121.39,actual
2024-01-05 23:00:00,192.6,actual
2024-01-05 23:05:00,168.1,actual
2024-01-05 23:10:00,167.14,actual
2024-01-05 23:15:00,133.79,actual
2024-01-05 23:20:00,189.98,actual
2024-01-05 23:25:00,166.08,actual
2024-01-05 23:30:00,149.71,actual
2024-01-05 23:35:00,175.69,actual
2024-01-05 23:40:00,189.62,actual
2024-01-05 23:45:00,148.91,actual
2024-01-05 23:50:00,188.38,actual
2024-01-05 23:55:00,129.46,actual
2024-01-06 00:00:00,56.0,actual
2024-01-06 00:05:00,55.56,actual
2024-01-06 00:10:00,63.71,actual
2024-01-06 00:15:00,41.69,actual
2024-01-06 00:20:00,35.85,actual
2024-01-06 00:25:00,46.56,actual
2024-01-06 00:30:00,66.62,actual
2024-01-06 00:35:00,43.13,actual
2024-01-06 00:40:00,65.55,actual
2024-01-06 00:45:00,53.3,actual
2024-01-06 00:50:00,63.18,actual
2024-01-06 00:55:00,46.03,actual
2024-01-06 01:00:00,40.58,actual
2024-01-06 01:05:00,47.73,actual
2024-01-06 01:10:00,46.33,actual
2024-01-06 01:15:00,52.87,actual
2024-01-06 01:20:00,68.67,actual
2024-01-06 01:25:00,49.02,actual
2024-01-06 01:30:00,62.95,actual
2024-01-06 01:35:00,61.05,actual
2024-01-06 01:40:00,53.83,actual
2024-01-06 01:45:00,53.49,actual
2024-01-06 01:50:00,61.87,actual
2024-01-06 01:55:00,57.73,actual
2024-01-06 02:00:00,51.16,actual
2024-01-06 02:05:00,58.68,actual
2024-01-06 02:10:00,57.26,actual
2024-01-06 02:15:00,53.02,actual
2024-01-06 02:20:00,59.24,actual
2024-01-06 02:25:00,40.12,actual
2024-01-06 02:30:00,57.77,actual
2024-01-06 02:35:00,56.26,actual
2024-01-06 02:40:00,45.61,actual
2024-01-06 02:45:00,46.97,actual
2024-01-06 02:50:00,49.49,actual
2024-01-06 02:55:00,71.25,actual
2024-01-06 03:00:00,41.16,actual
2024-01-06 03:05:00,43.83,actual
2024-01-06 03:10:00,56.33,actual
2024-01-06 03:15:00,56.01,actual
2024-01-06 03:20:00,54.27,actual
2024-01-06 03:25:00,30.75,actual
2024-01-06 03:30:00,46.58,actual
2024-01-06 03:35:00,40.62,actual
2024-01-06 03:40:00,61.37,actual
2024-01-06 03:45:00,41.82,actual
2024-01-06 03:50:00,50.75,actual
2024-01-06 03:55:00,62.68,actual
2024-01-06 04:00:00,54.56,actual
2024-01-06 04:05:00,41.24,actual
2024-01-06 04:10:00,66.92,actual
2024-01-06 04:15:00,53.48,actual
2024-01-06 04:20:00,37.45,actual
2024-01-06 04:25:00,62.76,actual
2024-01-06 04:30:00,48.81,actual
2024-01-06 04:35:00,41.9,actual
2024-01-06 04:40:00,45.23,actual
2024-01-06 04:45:00,43.01,actual
2024-01-06 04:50:00,52.48,actual
2024-01-06 04:55:00,47.76,actual
2024-01-06 05:00:00,57.35,actual
2024-01-06 05:05:00,43.05,actual
2024-01-06 05:10:00,43.33,actual
2024-01-06 05:15:00,52.76,actual
2024-01-06 05:20:00,59.64,actual
2024-01-06 05:25:00,36.66,actual
2024-01-06 05:30:00,53.36,actual
2024-01-06 05:35:00,20.0,actual
2024-01-06 05:40:00,47.08,actual
2024-01-06 05:45:00,62.21,actual
2024-01-06 05:50:00,43.59,actual
2024-01-06 05:55:00,67.21,actual
2024-01-06 06:00:00,131.35,actual
2024-01-06 06:05:00,96.0,actual
2024-01-06 06:10:00,102.89,actual
2024-01-06 06:15:00,99.55,actual
2024-01-06 06:20:00,85.43,actual
2024-01-06 06:25:00,118.46,actual
2024-01-06 06:30:00,106.09,actual
2024-01-06 06:35:00,109.39,actual
2024-01-06 06:40:00,102.1,actual
2024-01-06 06:45:00,163.84,actual
2024-01-06 06:50:00,125.94,actual
2024-01-06 06:55:00,131.49,actual
2024-01-06 07:00:00,100.79,actual
2024-01-06 07:05:00,87.71,actual
2024-01-06 07:10:00,92.27,actual
2024-01-06 07:15:00,119.11,actual
2024-01-06 07:20:00,81.97,actual
2024-01-06 07:25:00,101.49,actual
2024-01-06 07:30:00,106.06,actual
2024-01-06 07:35:00,94.68,actual
2024-01-06 07:40:00,133.06,actual
2024-01-06 07:45:00,89.34,actual
2024-01-06 07:50:00,101.24,actual
2024-01-06 07:55:00,126.75,actual
2024-01-06 08:00:00,129.89,actual
2024-01-06 08:05:00,106.9,actual
2024-01-06 08:10:00,87.42,actual
2024-01-06 08:15:00,102.36,actual
2024-01-06 08:20:00,134.5,actual
2024-01-06 08:25:00,88.17,actual
2024-01-06 08:30:00,102.66,actual
2024-01-06 08:35:00,104.28,actual
2024-01-06 08:40:00,115.25,actual
2024-01-06 08:45:00,123.59,actual
2024-01-06 08:50:00,110.87,actual
2024-01-06 08:55:00,121.45,actual
2024-01-06 09:00:00,58.88,actual
2024-01-06 09:05:00,92.22,actual
2024-01-06 09:10:00,91.07,actual
2024-01-06 09:15:00,119.37,actual
2024-01-06 09:20:00,79.14,actual
2024-01-06 09:25:00,104.55,actual
2024-01-06 09:30:00,84.7,actual
2024-01-06 09:35:00,84.53,actual
2024-01-06 09:40:00,94.04,actual
2024-01-06 09:45:00,95.14,actual
2024-01-06 09:50:00,131.76,actual
2024-01-06 09:55:00,89.97,actual
2024-01-06 10:00:00,118.46,actual
2024-01-06 10:05:00,80.04,actual
2024-01-06 10:10:00,79.54,actual
2024-01-06 10:15:00,124.62,actual
2024-01-06 10:20:00,87.64,actual
2024-01-06 10:25:00,61.98,actual
2024-01-06 10:30:00,94.68,actual
2024-01-06 10:35:00,118.36,actual
2024-01-06 10:40:00,97.47,actual
2024-01-06 10:45:00,105.29,actual
2024-01-06 10:50:00,120.46,actual
2024-01-06 10:55:00,103.16,actual
2024-01-06 11:00:00,182.44,actual
2024-01-06 11:05:00,149.97,actual
2024-01-06 11:10:00,127.91,actual
2024-01-06 11:15:00,155.76,actual
2024-01-06 11:20:00,146.6,actual
2024-01-06 11:25:00,157.23,actual
2024-01-06 11:30:00,148.43,actual
2024-01-06 11:35:00,177.65,actual
2024-01-06 11:40:00,123.17,actual
2024-01-06 11:45:00,147.83,actual
2024-01-06 11:50:00,132.73,actual
2024-01-06 11:55:00,90.01,actual
2024-01-06 12:00:00,115.99,actual
2024-01-06 12:05:00,184.7,actual
2024-01-06 12:10:00,120.22,actual
2024-01-06 12:15:00,181.94,actual
2024-01-06 12:20:00,128.82,actual
2024-01-06 12:25:00,191.13,actual
2024-01-06 12:30:00,114.97,actual
2024-01-06 12:35:00,156.33,actual
2024-01-06 12:40:00,142.1,actual
2024-01-06 12:45:00,153.06,actual
2024-01-06 12:50:00,116.67,actual
2024-01-06 12:55:00,134.91,actual
2024-01-06 13:00:00,108.37,actual
2024-01-06 13:05:00,103.36,actual
2024-01-06 13:10:00,79.14,actual
2024-01-06 13:15:00,104.35,actual
2024-01-06 13:20:00,135.46,actual
2024-01-06 13:25:00,91.51,actual
2024-01-06 13:30:00,97.47,actual
2024-01-06 13:35:00,83.72,actual
2024-01-06 13:40:00,106.49,actual
2024-01-06 13:45:00,788.63,actual
2024-01-06 13:50:00,113.14,actual
2024-01-06 13:55:00,92.17,actual
2024-01-06 14:00:00,141.74,actual
2024-01-06 14:05:00,104.22,actual
2024-01-06 14:10:00,103.61,actual
2024-01-06 14:15:00,99.86,actual
2024-01-06 14:20:00,109.66,actual
2024-01-06 14:25:00,63.22,actual
2024-01-06 14:30:00,125.23,actual
2024-01-06 14:35:00,115.55,actual
2024-01-06 14:40:00,128.77,actual
2024-01-06 14:45:00,111.24,actual
2024-01-06 14:50:00,71.25,actual
2024-01-06 14:55:00,118.69,actual
2024-01-06 15:00:00,104.25,actual
2024-01-06 15:05:00,111.65,actual
2024-01-06 15:10:00,83.27,actual
2024-01-06 15:15:00,103.36,actual
2024-01-06 15:20:00,122.33,actual
2024-01-06 15:25:00,117.03,actual
2024-01-06 15:30:00,146.04,actual
2024-01-06 15:35:00,102.03,actual
2024-01-06 15:40:00,106.91,actual
2024-01-06 15:45:00,103.87,actual
2024-01-06 15:50:00,130.13,actual
2024-01-06 15:55:00,119.14,actual
2024-01-06 16:00:00,110.57,actual
2024-01-06 16:05:00,135.47,actual
2024-01-06 16:10:00,164.0,actual
2024-01-06 16:15:00,208.48,actual
2024-01-06 16:20:00,154.81,actual
2024-01-06 16:25:00,144.35,actual
2024-01-06 16:30:00,103.41,actual
2024-01-06 16:35:00,164.54,actual
2024-01-06 16:40:00,90.02,actual
2024-01-06 16:45:00,186.93,actual
2024-01-06 16:50:00,164.6,actual
2024-01-06 16:55:00,160.87,actual
2024-01-06 17:00:00,201.5,actual
2024-01-06 17:05:00,160.76,actual
2024-01-06 17:10:00,175.66,actual
2024-01-06 17:15:00,181.25,actual
2024-01-06 17:20:00,134.88,actual
2024-01-06 17:25:00,160.82,actual
2024-01-06 17:30:00,130.71,actual
2024-01-06 17:35:00,124.87,actual
2024-01-06 17:40:00,126.74,actual
2024-01-06 17:45:00,169.32,actual
2024-01-06 17:50:00,174.15,actual
2024-01-06 17:55:00,130.77,actual
2024-01-06 18:00:00,177.49,actual
2024-01-06 18:05:00,223.66,actual
2024-01-06 18:10:00,182.58,actual
2024-01-06 18:15:00,139.87,actual
2024-01-06 18:20:00,199.22,actual
2024-01-06 18:25:00,143.62,actual
2024-01-06 18:30:00,183.46,actual
2024-01-06 18:35:00,199.98,actual
2024-01-06 18:40:00,161.14,actual
2024-01-06 18:45:00,194.33,actual
2024-01-06 18:50:00,158.35,actual
2024-01-06 18:55:00,140.45,actual
2024-01-06 19:00:00,110.55,actual
2024-01-06 19:05:00,176.96,actual
2024-01-06 19:10:00,143.91,actual
2024-01-06 19:15:00,145.2,actual
2024-01-06 19:20:00,153.12,actual
2024-01-06 19:25:00,171.25,actual
2024-01-06 19:30:00,112.44,actual
2024-01-06 19:35:00,70.27,actual
2024-01-06 19:40:00,121.91,actual
2024-01-06 19:45:00,258.93,actual
2024-01-06 19:50:00,168.33,actual
2024-01-06 19:55:00,115.41,actual
2024-01-06 20:00:00,149.46,actual
2024-01-06 20:05:00,134.52,actual
2024-01-06 20:10:00,127.52,actual
2024-01-06 20:15:00,122.53,actual
2024-01-06 20:20:00,103.24,actual
2024-01-06 20:25:00,203.45,actual
2024-01-06 20:30:00,109.47,actual
2024-01-06 20:35:00,186.34,actual
2024-01-06 20:40:00,104.36,actual
2024-01-06 20:45:00,151.01,actual
2024-01-06 20:50:00,174.22,actual
2024-01-06 20:55:00,129.21,actual
2024-01-06 21:00:00,154.24,actual
2024-01-06 21:05:00,141.43,actual
2024-01-06 21:10:00,172.47,actual
2024-01-06 21:15:00,151.18,actual
2024-01-06 21:20:00,179.93,actual
2024-01-06 21:25:00,126.11,actual
2024-01-06 21:30:00,130.22,actual
2024-01-06 21:35:00,99.57,actual
2024-01-06 21:40:00,314.77,actual
2024-01-06 21:45:00,178.34,actual
2024-01-06 21:50:00,121.33,actual
2024-01-06 21:55:00,120.54,actual
2024-01-06 22:00:00,155.25,actual
2024-01-06 22:05:00,186.32,actual
2024-01-06 22:10:00,153.99,actual
2024-01-06 22:15:00,92.3,actual
2024-01-06 22:20:00,111.56,actual
2024-01-06 22:25:00,176.74,actual
2024-01-06 22:30:00,167.35,actual
2024-01-06 22:35:00,99.2,actual
2024-01-06 22:40:00,177.06,actual
2024-01-06 22:45:00,114.96,actual
2024-01-06 22:50:00,140.15,actual
2024-01-06 22:55:00,116.45,actual
2024-01-06 23:00:00,136.01,actual
2024-01-06 23:05:00,147.39,actual
2024-01-06 23:10:00,150.91,actual
2024-01-06 23:15:00,134.41,actual
2024-01-06 23:20:00,109.58,actual
2024-01-06 23:25:00,102.68,actual
2024-01-06 23:30:00,103.76,actual
2024-01-06 23:35:00,158.57,actual
2024-01-06 23:40:00,126.91,actual
2024-01-06 23:45:00,97.29,actual
2024-01-06 23:50:00,172.64,actual
2024-01-06 23:55:00,137.69,actual
2024-01-07 00:00:00,53.5,actual
2024-01-07 00:00:00,60.0,predicted
2024-01-07 01:00:00,55.0,predicted
2024-01-07 02:00:00,50.0,predicted
2024-01-07 03:00:00,45.0,predicted
2024-01-07 04:00:00,50.0,predicted
2024-01-07 05:00:00,55.0,predicted
2024-01-07 06:00:00,100.0,predicted
2024-01-07 07:00:00,120.0,predicted
2024-01-07 08:00:00,130.0,predicted
2024-01-07 09:00:00,110.0,predicted
2024-01-07 10:00:00,120.0,predicted
2024-01-07 11:00:00,150.0,predicted
2024-01-07 12:00:00,140.0,predicted
2024-01-07 13:00:00,120.0,predicted
2024-01-07 14:00:00,110.0,predicted
2024-01-07 15:00:00,120.0,predicted
2024-01-07 16:00:00,150.0,predicted
2024-01-07 17:00:00,130.0,predicted
2024-01-07 18:00:00,180.0,predicted
2024-01-07 19:00:00,170.0,predicted
2024-01-07 20:00:00,160.0,predicted
2024-01-07 21:00:00,170.0,predicted
2024-01-07 22:00:00,150.0,predicted
2024-01-07 23:00:00,130.0,predicted
