"Timestamp","CPUUtilization (AVG)","CPUUtilization Forecast (AVG)","CPUUtilization Forecast upper bound (AVG)","CPUUtilization Forecast lower bound (AVG)"
"2024-12-08 07:00:00.000",,0.1273540441969162,0.18077476672973483,0.0751982935538972
"2024-12-08 06:00:00.000",,0.1198268772687035,0.16504737619586884,0.07546778555331085
"2024-12-08 05:00:00.000",,0.11979782692024826,0.1658960350487555,0.07486491497364817
"2024-12-08 04:00:00.000",,0.11843123382370824,0.1833339326488197,0.05449816241213929
"2024-12-08 03:00:00.000",,0.11905721360175534,0.13928424872467104,0.10002565141940435
"2024-12-08 02:00:00.000",,0.12077601380454342,0.13713987392227614,0.10598632395913597
"2024-12-08 01:00:00.000",,0.12052430639380297,0.1474031051254676,0.09490750895094197
"2024-12-08 00:00:00.000",,0.12332969078350199,0.14081521836890323,0.107280068209967
"2024-12-07 23:00:00.000",,0.1197093783428865,0.13579599417326496,0.10444332068647762
"2024-12-07 22:00:00.000",,0.1209513211812489,0.13486282630861285,0.10777971045654824
"2024-12-07 21:00:00.000",,0.12041468189463383,0.14616522862198086,0.09590843568694574
"2024-12-07 20:00:00.000",,0.12198544139028461,0.15683451266551046,0.08851408652956559
"2024-12-07 19:00:00.000",,0.12236738498147003,0.1459076314205845,0.10029837060318257
"2024-12-07 18:00:00.000",,0.12301813281007051,0.14800469208468717,0.0991091565323766
"2024-12-07 17:00:00.000",,0.11883766273607843,0.1421739697361498,0.09669500688968434
"2024-12-07 16:00:00.000",,0.12129651819853476,0.13882122842441463,0.10503453189829673
"2024-12-07 15:00:00.000",,0.11998610948539765,0.14580269529191547,0.0956614161621599
"2024-12-07 14:00:00.000",,0.12004825521160653,0.16213435860067224,0.07925377138167458
"2024-12-07 13:00:00.000",,0.12029348133973082,0.13437836823041294,0.1072774332353808
"2024-12-07 12:00:00.000",,0.11828878604238183,0.14972665244238367,0.0879855192750644
"2024-12-07 11:00:00.000",,0.11757451728913897,0.13021841308209214,0.10639367588973254
"2024-12-07 10:00:00.000",,0.11963302928378099,0.13196546624513059,0.10850695420764032
"2024-12-07 09:00:00.000",,0.12111907476931145,0.13552298585914002,0.1080401747255992
"2024-12-07 08:00:00.000",,0.12165259877762494,0.13408716027904105,0.11042296811319759
"2024-12-07 07:00:00.000",,0.11919095178636781,0.14404022749254974,0.09550206053462429
"2024-12-07 06:00:00.000",,0.11897826432179137,0.1386769312367789,0.10057814521204189
"2024-12-07 05:00:00.000",,0.12175625666341633,0.14625941234356657,0.09826411293974126
"2024-12-07 04:00:00.000",,0.12183932845308044,0.16038560647633035,0.0841833782529908
"2024-12-07 03:00:00.000",,0.11925798179131158,0.15932179580019598,0.08046543207325842
"2024-12-07 02:00:00.000",,0.11935001107908848,0.15161495727032054,0.08811927974160523
"2024-12-07 01:00:00.000",,0.11853475318439549,0.14808968600954936,0.08972285321145716
"2024-12-07 00:00:00.000",,0.12146386659083463,0.14085569977874557,0.102890536565269
"2024-12-06 23:00:00.000",,0.12012202325959127,0.14697722913911793,0.09462741210953456
"2024-12-06 22:00:00.000",,0.11994229012517103,0.14019704542595277,0.10037148857528225
"2024-12-06 21:00:00.000",,0.12108334350306138,0.15740901976657362,0.08629996014362752
"2024-12-06 20:00:00.000",,0.1263642121011537,0.15704180771959622,0.09689372144203631
"2024-12-06 19:00:00.000",,0.1278584480367463,0.15172589752105817,0.10479242453584117
"2024-12-06 18:00:00.000",,0.1278438321630553,0.15366355267882068,0.10416526738399608
"2024-12-06 17:00:00.000",,0.12719799922232455,0.15281181184454762,0.10304768195289352
"2024-12-06 16:00:00.000",,0.12962505097971994,0.14905227906281987,0.11178710610874862
"2024-12-06 15:00:00.000",,0.14043598103335408,0.16415722391437484,0.11839726836018712
"2024-12-06 14:00:00.000",,0.13024959918974618,0.14694503538366338,0.11521923039306885
"2024-12-06 13:00:00.000",,0.12789889330844006,0.14267855228583345,0.11432900532417564
"2024-12-06 12:00:00.000",,0.1296952286131292,0.14677136213397257,0.11381802957312906
"2024-12-06 11:00:00.000",,0.1219053395139123,0.14945809456401155,0.09511876498206688
"2024-12-06 10:00:00.000",,0.11931593230862958,0.13479095854696413,0.10512823737820697
"2024-12-06 09:00:00.000",,0.1189438854690236,0.14126905922478708,0.0977586923538443
"2024-12-06 08:00:00.000",,0.12150639430795855,0.137013814413313,0.10690664118172012
"2024-12-06 07:00:00.000",,0.12145815101122541,0.13529689058034242,0.10875758945875386
"2024-12-06 06:00:00.000",,0.12125823242720452,0.1334932891566635,0.10991035368117225
"2024-12-06 05:00:00.000",,0.12068603524066411,0.14250340585124957,0.0995808437766983
"2024-12-06 04:00:00.000",,0.11983845859857913,0.1410198621688485,0.09998910608515556
"2024-12-06 03:00:00.000",,0.12219776772879556,0.14480329232298877,0.10109163912232466
"2024-12-06 02:00:00.000",,0.12147791306268615,0.14319175792210972,0.10097618544625435
"2024-12-06 01:00:00.000",,0.12070622072825028,0.1399440660170398,0.10261214606081176
"2024-12-06 00:00:00.000",,0.12681327677222984,0.14961913584422862,0.10533251159076784
"2024-12-05 23:00:00.000",,0.1300596082051508,0.16061146120855047,0.0997300975928203
"2024-12-05 22:00:00.000",,0.1266609603714054,0.17509483358575284,0.07856377625454372
"2024-12-05 21:00:00.000",,0.13458406891599267,0.1568629217518429,0.11267498268918116
"2024-12-05 20:00:00.000",,0.1268728989814917,0.14273276687373387,0.11129182510489986
"2024-12-05 19:00:00.000",,0.1283518826804999,0.14084020603888395,0.11605723595288403
"2024-12-05 18:00:00.000",,0.15024738767770277,0.16613611272337675,0.13477217737156896
"2024-12-05 17:00:00.000",,0.12624455252914524,0.15138147849754863,0.10127707966707991
"2024-12-05 16:00:00.000",,0.128889742797706,0.14359485538934197,0.1145370140275262
"2024-12-05 15:00:00.000",,0.1321248309166116,0.1455158376417935,0.11888223896431953
"2024-12-05 14:00:00.000",,0.1256498800753856,0.1358449381046887,0.11590124027839789
"2024-12-05 13:00:00.000",,0.12864752427103568,0.14117450060361858,0.1166107416860204
"2024-12-05 12:00:00.000",,0.1318050731224033,0.15119054507208468,0.11292032997961457
"2024-12-05 11:00:00.000",,0.1430559863752451,0.15589718834605468,0.13068094956735693
"2024-12-05 10:00:00.000",,0.14483727886320252,0.15831474889159466,0.13173085309993293
"2024-12-05 09:00:00.000",,0.12252171931623995,0.13358313086973245,0.11182593476123288
"2024-12-05 08:00:00.000",,0.12195755967459024,0.13405631685502242,0.11026539668893134
"2024-12-05 07:00:00.000",,0.12273877422050494,0.13349240933050324,0.1122472003112843
"2024-12-05 06:00:00.000",,0.12605067447369947,0.14352428207416731,0.10884128449911691
"2024-12-05 05:00:00.000",,0.13530885498639855,0.14807114786042655,0.12279043251710306
"2024-12-05 04:00:00.000",,0.15452137636144192,0.18335091652980118,0.1262108583595438
"2024-12-05 03:00:00.000",,0.11722774977064329,0.12787797923134922,0.10702776864669994
"2024-12-05 02:00:00.000",,0.12360057025338556,0.13781174690208964,0.10977084055347684
"2024-12-05 01:00:00.000",,0.11936067416856813,0.12856064655705196,0.1106546469305514
"2024-12-05 00:00:00.000",,0.11981115210718427,0.12611014800490933,0.11379567823210592
"2024-12-04 23:00:00.000",,0.11891336865935405,0.12752940576640998,0.11055977421572698
"2024-12-04 22:00:00.000",,0.11561535600258852,0.12478087964673898,0.10662136265919006
"2024-12-04 21:00:00.000",,0.12022446651115504,0.1292983252360497,0.11140430200522497
"2024-12-04 20:00:00.000",,0.11993322040829453,0.1308112629765104,0.10931330999964922
"2024-12-04 19:00:00.000",,0.12128861638672485,0.15279440017113197,0.09005645179260845
"2024-12-04 18:00:00.000",,0.12571724485881006,0.15028155483591907,0.10144729839707753
"2024-12-04 17:00:00.000",,0.12365777492504408,0.14525003669828931,0.1023729221437374
"2024-12-04 16:00:00.000",,0.12635670976295926,0.1641788520231731,0.08867382100147353
"2024-12-04 15:00:00.000",,0.13056136943186375,0.16570548885217337,0.09574783971975762
"2024-12-04 14:00:00.000",,0.12804910500125666,0.16884190019078732,0.08746801045436342
"2024-12-04 13:00:00.000",,0.1403588331673163,0.17287529237154334,0.10820761245842432
"2024-12-04 12:00:00.000",,0.12394560877964073,0.1313249685788525,0.1167999613193426
"2024-12-04 11:00:00.000",,0.1446715913085018,0.15453470522550347,0.13512967997103995
"2024-12-04 10:00:00.000",,0.13265969622855087,0.14158756114106896,0.12408529546786633
"2024-12-04 09:00:00.000",,0.1231537531313177,0.1302340004830252,0.11635694136812627
"2024-12-04 08:00:00.000",,0.12197414119094721,0.1339321552330316,0.11046826861631577
"2024-12-04 07:00:00.000",,0.12199677376247138,0.12924223189219788,0.11506156689445617
"2024-12-04 06:00:00.000",,0.12218667824259619,0.13191032980090694,0.1126961987235248
"2024-12-04 05:00:00.000",,0.12582917527707008,0.13608590848834018,0.11580467952163626
"2024-12-04 04:00:00.000",,0.12714493694012013,0.13743281031411866,0.11705917559171268
"2024-12-04 03:00:00.000",,0.1250914204677102,0.13575997909398949,0.11461247909176037
"2024-12-04 02:00:00.000",,0.12433157156668512,0.138521595332503,0.11060532683928294
"2024-12-04 01:00:00.000",,0.12661911305301607,0.15628951018411702,0.09738379353806867
"2024-12-04 00:00:00.000",,0.12401901416016418,0.14370143690778914,0.10474645382609722
"2024-12-03 23:00:00.000",,0.12941436980438764,0.1474901729185148,0.1117109025594294
"2024-12-03 22:00:00.000",,0.12020208957171467,0.13806509339858014,0.10291642887158667
"2024-12-03 21:00:00.000",,0.11892618702385062,0.14210077303208743,0.0961861398596001
"2024-12-03 20:00:00.000",,0.12012842086708682,0.12596437529265755,0.11451335816583438
"2024-12-03 19:00:00.000",,0.13143176459814435,0.14056075167999102,0.12263432931654836
"2024-12-03 18:00:00.000",,0.12367793976384475,0.1426997233235104,0.10509259013717671
"2024-12-03 17:00:00.000",,0.13035284878017378,0.1408364399994223,0.12031162526475545
"2024-12-03 16:00:00.000",,0.1365003240669892,0.15193901822544614,0.12143180899618637
"2024-12-03 15:00:00.000",,0.132437818919466,0.14822993243317367,0.11697670883388184
"2024-12-03 14:00:00.000",,0.13410137165065336,0.1501664788905455,0.11827917466398268
"2024-12-03 13:00:00.000",,0.13620751696850514,0.1514798346500125,0.12128880050638974
"2024-12-03 12:00:00.000",,0.1434829906154652,0.17318179431035371,0.11412635514716388
"2024-12-03 11:00:00.000",,0.12569984432016137,0.13362696702623092,0.11790027136180095
"2024-12-03 10:00:00.000",,0.12813493194690911,0.14077930324789772,0.11578921580095837
"2024-12-03 09:00:00.000",,0.1262437601832241,0.16200532095528603,0.09077862160134476
"2024-12-03 08:00:00.000",,0.1280283792538478,0.1626686990741762,0.09361839141061812
"2024-12-03 07:00:00.000",,0.12707104367400698,0.17588397355090854,0.07861985989795192
"2024-12-03 06:00:00.000",,0.11927680003746503,0.16070483913261263,0.07806299522301637
"2024-12-03 05:00:00.000",,0.11921020658130511,0.16141682711931632,0.07737825890960316
"2024-12-03 04:00:00.000",,0.11823357846870451,0.17938264548204713,0.05735602868807189
"2024-12-03 03:00:00.000",,0.11978671705656752,0.13544473318829134,0.10441193598207096
"2024-12-03 02:00:00.000",,0.12337880288981463,0.13442378401093216,0.11270792338659055
"2024-12-03 01:00:00.000",,0.12237418072547075,0.14419054364388206,0.10081301452432559
"2024-12-03 00:00:00.000",,0.12562574793530498,0.1374229948740116,0.11410087904814355
"2024-12-02 23:00:00.000",,0.12078605129890477,0.13252653950779386,0.10917666026290528
"2024-12-02 22:00:00.000",,0.12211254739950109,0.13212995476096498,0.11223670946460969
"2024-12-02 21:00:00.000",,0.12159605626037905,0.14262909355904585,0.10085653661671401
"2024-12-02 20:00:00.000",,0.12365532286100313,0.15428191812849912,0.09347559633125284
"2024-12-02 19:00:00.000",,0.12376178833918486,0.14299532578568153,0.10502210525187261
"2024-12-02 18:00:00.000",,0.12465910150646956,0.14595119100697118,0.1037193896554858
"2024-12-02 17:00:00.000",,0.11950829810154619,0.13883585227370362,0.10054188816262122
"2024-12-02 16:00:00.000",,0.12312751947873295,0.13637241375904993,0.11024884564358525
"2024-12-02 15:00:00.000",,0.12342865924543683,0.14436158463497256,0.10288131995997225
"2024-12-02 14:00:00.000",,0.12008566572781722,0.15792241046425323,0.08264100512708707
"2024-12-02 13:00:00.000",,0.12107963134168861,0.1318454802188703,0.11071014386766326
"2024-12-02 12:00:00.000",,0.11888468121331712,0.14719934370044616,0.09103374619873064
"2024-12-02 11:00:00.000",,0.11742454946830089,0.12635602445691874,0.10907364149388485
"2024-12-02 10:00:00.000",,0.12037885232650418,0.12865793430812644,0.11246518675695348
"2024-12-02 09:00:00.000",,0.1212275080066574,0.130882377777958,0.11191408509546791
"2024-12-02 08:00:00.000",,0.12187268712368493,0.12977214272313933,0.11428167406348809
"2024-12-02 07:00:00.000",,0.1199775396533173,0.14006652523634006,0.10012977092493512
"2024-12-02 06:00:00.000",,0.11908643385170449,0.13468228828555287,0.10390371358604329
"2024-12-02 05:00:00.000",,0.12218045420062941,0.1422374015285852,0.10234195790649507
"2024-12-02 04:00:00.000",,0.12023383973565649,0.15530232152630308,0.08544741110488654
"2024-12-02 03:00:00.000",,0.11979965422621977,0.15576224766639424,0.0842326860240292
"2024-12-02 02:00:00.000",,0.11871045453248283,0.1475601683957207,0.09022549976318753
"2024-12-02 01:00:00.000",,0.11975751372458564,0.14606224269995527,0.09365548504041131
"2024-12-02 00:00:00.000",,0.1234791133180412,0.13992731427364277,0.1073217405198891
"2024-12-01 23:00:00.000",,0.1200224764060062,0.14242317331666127,0.09802350983888927
"2024-12-01 22:00:00.000",,0.12056088951676722,0.13765002453321373,0.1036580203121393
"2024-12-01 21:00:00.000",,0.12236320189843909,0.1547090625638691,0.09060700817876584
"2024-12-01 20:00:00.000",,0.1271712845422478,0.15282367286727389,0.10178464808216899
"2024-12-01 19:00:00.000",,0.12882727809463926,0.14783252107442918,0.10992700019120959
"2024-12-01 18:00:00.000",,0.12774467489375083,0.14782802235567782,0.10835948180302551
"2024-12-01 17:00:00.000",,0.129051273569722,0.1496120184059988,0.10888697238345402
"2024-12-01 16:00:00.000",,0.1311215651373259,0.14564605320955232,0.11710450972322359
"2024-12-01 15:00:00.000",,0.14250368822370885,0.15982941408773735,0.12557331035458172
"2024-12-01 14:00:00.000",,0.13214240930391175,0.1441359983749918,0.12073639076388146
"2024-12-01 13:00:00.000",,0.1289139101285851,0.13917326612613706,0.11899298722810935
"2024-12-01 12:00:00.000",,0.1320178536088227,0.14483666536888054,0.11956854689387125
"2024-12-01 11:00:00.000",,0.1235157148443821,0.14778744614660497,0.09946536692527641
"2024-12-01 10:00:00.000",,0.12019722660115739,0.13135538482640868,0.10940899629710935
"2024-12-01 09:00:00.000",,0.11876941704328717,0.13828924856488564,0.0997820137437737
"2024-12-01 08:00:00.000",,0.12262959802004138,0.13439649589638586,0.11110795781020784
"2024-12-01 07:00:00.000",,0.12210349975579696,0.13162481851351646,0.11288090495247137
"2024-12-01 06:00:00.000",,0.12361235942146692,0.1323387958028037,0.11514253904053888
"2024-12-01 05:00:00.000",,0.12300668775707102,0.14111168307535413,0.105044075007308
"2024-12-01 04:00:00.000",,0.12143260116809831,0.13854650733997567,0.10475186906914324
"2024-12-01 03:00:00.000",,0.12428804379447629,0.14229952414554825,0.10673385079756355
"2024-12-01 02:00:00.000",,0.12398646269792091,0.14109201270619215,0.10717143444969159
"2024-12-01 01:00:00.000",,0.1242652322202776,0.13970784618123044,0.10917848052996362
"2024-12-01 00:00:00.000",,0.12658384889840424,0.14507760486965765,0.10852849125552205
"2024-11-30 23:00:00",0.11925004772875775
"2024-11-30 22:00:00",0.1176389356663195
"2024-11-30 21:00:00",0.12622225149459146
"2024-11-30 20:00:00",0.11666681815565709
"2024-11-30 19:00:00",0.11858309147559591
"2024-11-30 18:00:00",0.11769445743313241
"2024-11-30 17:00:00",0.13161105274710946
"2024-11-30 16:00:00",0.13258333244629647
"2024-11-30 15:00:00",0.134416562109383
"2024-11-30 14:00:00",0.13247226949845622
"2024-11-30 13:00:00",0.13377777238537233
"2024-11-30 12:00:00",0.13924996324440098
"2024-11-30 11:00:00",0.16461122533368092
"2024-11-30 10:00:00",0.16827781805847988
"2024-11-30 09:00:00",0.11536137129667173
"2024-11-30 08:00:00",0.11530564263168204
"2024-11-30 07:00:00",0.11644433174303459
"2024-11-30 06:00:00",0.1328889250264971
"2024-11-30 05:00:00",0.14444447046399714
"2024-11-30 04:00:00",0.20891698713851867
"2024-11-30 03:00:00",0.11569443073530904
"2024-11-30 02:00:00",0.11483343446085274
"2024-11-30 01:00:00",0.12144416493236175
"2024-11-30 00:00:00",0.11708346316215985
"2024-11-29 23:00:00",0.11413922597493792
"2024-11-29 22:00:00",0.1135278114983113
"2024-11-29 21:00:00",0.11388882363681725
"2024-11-29 20:00:00",0.11375046815092543
"2024-11-29 19:00:00",0.11388849003397376
"2024-11-29 18:00:00",0.11413944105889014
"2024-11-29 17:00:00",0.11197230605748514
"2024-11-29 16:00:00",0.11450012969647953
"2024-11-29 15:00:00",0.12577770291785526
"2024-11-29 14:00:00",0.12391636134834859
"2024-11-29 13:00:00",0.17577773949317355
"2024-11-29 12:00:00",0.12625008871114116
"2024-11-29 11:00:00",0.18294076298854214
"2024-11-29 10:00:00",0.1513606231205417
"2024-11-29 09:00:00",0.12474972919505377
"2024-11-29 08:00:00",0.12424993612567896
"2024-11-29 07:00:00",0.12366664676425143
"2024-11-29 06:00:00",0.12472237222964512
"2024-11-29 05:00:00",0.12983336075932886
"2024-11-29 04:00:00",0.14088945984104903
"2024-11-29 03:00:00",0.141888386664142
"2024-11-29 02:00:00",0.1413885527242472
"2024-11-29 01:00:00",0.14169384283205952
"2024-11-29 00:00:00",0.14319421560765752
"2024-11-28 23:00:00",0.14391703260574565
"2024-11-28 22:00:00",0.13874971203406009
"2024-11-28 21:00:00",0.1276667082648683
"2024-11-28 20:00:00",0.1278890800444242
"2024-11-28 19:00:00",0.1297499987894326
"2024-11-28 18:00:00",0.1298609437031266
"2024-11-28 17:00:00",0.134555649774699
"2024-11-28 16:00:00",0.14413912345353275
"2024-11-28 15:00:00",0.13938854634387063
"2024-11-28 14:00:00",0.1404440333065891
"2024-11-28 13:00:00",0.1390553459490452
"2024-11-28 12:00:00",0.13130698964793053
"2024-11-28 11:00:00",0.12402773761138515
"2024-11-28 10:00:00",0.12516692765872023
"2024-11-28 09:00:00",0.12338842665485779
"2024-11-28 08:00:00",0.12955769060880418
"2024-11-28 07:00:00",0.12431636230867325
"2024-11-28 06:00:00",0.11600048903284603
"2024-11-28 05:00:00",0.11405639030196595
"2024-11-28 04:00:00",0.11677756456286552
"2024-11-28 03:00:00",0.11613888658527562
"2024-11-28 02:00:00",0.11938916384542493
"2024-11-28 01:00:00",0.11908305016748348
"2024-11-28 00:00:00",0.12047128803943326
"2024-11-27 23:00:00",0.11972245436783746
"2024-11-27 22:00:00",0.12025009006401156
"2024-11-27 21:00:00",0.11872197163597803
"2024-11-27 20:00:00",0.12063805247126168
"2024-11-27 19:00:00",0.12486063013420896
"2024-11-27 18:00:00",0.11924989652031381
"2024-11-27 17:00:00",0.11752684943925924
"2024-11-27 16:00:00",0.11938829340355261
"2024-11-27 15:00:00",0.12061122319928186
"2024-11-27 14:00:00",0.12011226374781088
"2024-11-27 13:00:00",0.11772145636467285
"2024-11-27 12:00:00",0.11661210108327687
"2024-11-27 11:00:00",0.11947061333800091
"2024-11-27 10:00:00",0.12074955094702204
"2024-11-27 09:00:00",0.1226938535393754
"2024-11-27 08:00:00",0.11688958411413645
"2024-11-27 07:00:00",0.1176673318212041
"2024-11-27 06:00:00",0.114942838981276
"2024-11-27 05:00:00",0.11785877041175831
"2024-11-27 04:00:00",0.12055743012657243
"2024-11-27 03:00:00",0.12063782830915987
"2024-11-27 02:00:00",0.1198060186420164
"2024-11-27 01:00:00",0.11797113694012734
"2024-11-27 00:00:00",0.12152980562798443
"2024-11-26 23:00:00",0.11863674173607824
"2024-11-26 22:00:00",0.11880463782911414
"2024-11-26 21:00:00",0.12100027894254013
"2024-11-26 20:00:00",0.13558388441408775
"2024-11-26 19:00:00",0.13841537897366166
"2024-11-26 18:00:00",0.1391932795056781
"2024-11-26 17:00:00",0.13972261687541762
"2024-11-26 16:00:00",0.1408058069418712
"2024-11-26 15:00:00",0.14583425845341988
"2024-11-26 14:00:00",0.13436116695394532
"2024-11-26 13:00:00",0.136252513030484
"2024-11-26 12:00:00",0.13638810388541334
"2024-11-26 11:00:00",0.1185568128548124
"2024-11-26 10:00:00",0.11494502290378972
"2024-11-26 09:00:00",0.11424938495859112
"2024-11-26 08:00:00",0.11727770335310028
"2024-11-26 07:00:00",0.11927740894791049
"2024-11-26 06:00:00",0.11913912192084265
"2024-11-26 05:00:00",0.11841735376023442
"2024-11-26 04:00:00",0.11944452837610918
"2024-11-26 03:00:00",0.11919470438611028
"2024-11-26 02:00:00",0.12186221103663464
"2024-11-26 01:00:00",0.11858468365095343
"2024-11-26 00:00:00",0.12049914269046469
"2024-11-25 23:00:00",0.11772358550773387
"2024-11-25 22:00:00",0.11633414355962825
"2024-11-25 21:00:00",0.11808557961274356
"2024-11-25 20:00:00",0.1163041145013841
"2024-11-25 19:00:00",0.11583533624051623
"2024-11-25 18:00:00",0.2222264996833753
"2024-11-25 17:00:00",0.11616447561066277
"2024-11-25 16:00:00",0.1213322573428406
"2024-11-25 15:00:00",0.11688964430737962
"2024-11-25 14:00:00",0.11619439122865556
"2024-11-25 13:00:00",0.11964841595840607
"2024-11-25 12:00:00",0.122250491226036
"2024-11-25 11:00:00",0.12044394298872817
"2024-11-25 10:00:00",0.11916715609206784
"2024-11-25 09:00:00",0.11875025373671268
"2024-11-25 08:00:00",0.12080612913842052
"2024-11-25 07:00:00",0.11780562465887012
"2024-11-25 06:00:00",0.11716652295013508
"2024-11-25 05:00:00",0.11891693894787649
"2024-11-25 04:00:00",0.11750020611218694
"2024-11-25 03:00:00",0.11652810285762218
"2024-11-25 02:00:00",0.11994379724035226
"2024-11-25 01:00:00",0.11955493942245017
"2024-11-25 00:00:00",0.11997239241394221
"2024-11-24 23:00:00",0.12077601708955764
"2024-11-24 22:00:00",0.1190002481358265
"2024-11-24 21:00:00",0.11799891200402762
"2024-11-24 20:00:00",0.11883389978261039
"2024-11-24 19:00:00",0.11938954428133323
"2024-11-24 18:00:00",0.11913927736666045
"2024-11-24 17:00:00",0.11786148178307092
"2024-11-24 16:00:00",0.12019475212698078
"2024-11-24 15:00:00",0.11894432044074767
"2024-11-24 14:00:00",0.11810958461796082
"2024-11-24 13:00:00",0.11988893602820105
"2024-11-24 12:00:00",0.11933246275236836
"2024-11-24 11:00:00",0.11722259402612871
"2024-11-24 10:00:00",0.1195554465009127
"2024-11-24 09:00:00",0.12308539261390437
"2024-11-24 08:00:00",0.11744508622588563
"2024-11-24 07:00:00",0.11830626319923128
"2024-11-24 06:00:00",0.11844732591056563
"2024-11-24 05:00:00",0.11763910389914461
"2024-11-24 04:00:00",0.11766830971705254
"2024-11-24 03:00:00",0.11761197731695051
"2024-11-24 02:00:00",0.11838908653794473
"2024-11-24 01:00:00",0.12310967879011524
"2024-11-24 00:00:00",0.1201388126421765
"2024-11-23 23:00:00",0.11788931490398895
"2024-11-23 22:00:00",0.11786086392514682
"2024-11-23 21:00:00",0.11863945957821866
"2024-11-23 20:00:00",0.12144243404654335
"2024-11-23 19:00:00",0.16564002531383107
"2024-11-23 18:00:00",0.11924886821550625
"2024-11-23 17:00:00",0.13680501893603686
"2024-11-23 16:00:00",0.13491823313062573
"2024-11-23 15:00:00",0.13019165338240918
"2024-11-23 14:00:00",0.1299442201266442
"2024-11-23 13:00:00",0.13161220554545974
"2024-11-23 12:00:00",0.17846850601268568
"2024-11-23 11:00:00",0.126749478679113
"2024-11-23 10:00:00",0.13033355265552435
"2024-11-23 09:00:00",0.12886049623239507
"2024-11-23 08:00:00",0.12946550218060224
"2024-11-23 07:00:00",0.12952479363267186
"2024-11-23 06:00:00",0.13272225726244466
"2024-11-23 05:00:00",0.13461049981424322
"2024-11-23 04:00:00",0.12483434231531132
"2024-11-23 03:00:00",0.12769464900592623
"2024-11-23 02:00:00",0.12594379749616433
"2024-11-23 01:00:00",0.12872249387303367
"2024-11-23 00:00:00",0.13175039231370542
"2024-11-22 23:00:00",0.12708440578421057
"2024-11-22 22:00:00",0.13160761161093157
"2024-11-22 21:00:00",0.13058672146504555
"2024-11-22 20:00:00",0.12941348170287878
"2024-11-22 19:00:00",0.12488671753084167
"2024-11-22 18:00:00",0.11925325929106552
"2024-11-22 17:00:00",0.12033419335840705
"2024-11-22 16:00:00",0.12394551202574633
"2024-11-22 15:00:00",0.1383614077739825
"2024-11-22 14:00:00",0.12755271426230877
"2024-11-22 13:00:00",0.1190832219844633
"2024-11-22 12:00:00",0.11641639857072962
"2024-11-22 11:00:00",0.12027775057633239
"2024-11-22 10:00:00",0.12016658322686564
"2024-11-22 09:00:00",0.12441719433449987
"2024-11-22 08:00:00",0.1661650361186023
"2024-11-22 07:00:00",0.16414524083714865
"2024-11-22 06:00:00",0.13988982814986106
"2024-11-22 05:00:00",0.15102629930839837
"2024-11-22 04:00:00",0.18683253856847157
"2024-11-22 03:00:00",0.2270284397479545
"2024-11-22 02:00:00",0.12499944652003103
"2024-11-22 01:00:00",0.12358412279835124
"2024-11-22 00:00:00",0.1225287904622321
"2024-11-21 23:00:00",0.11927773335495968
"2024-11-21 22:00:00",0.1206123932870633
"2024-11-21 21:00:00",0.12002664805597839
"2024-11-21 20:00:00",0.12416607657868926
"2024-11-21 19:00:00",0.13605634986217024
"2024-11-21 18:00:00",0.1410012893726476
"2024-11-21 17:00:00",0.14375068400974714
"2024-11-21 16:00:00",0.14855486708308308
"2024-11-21 15:00:00",0.15391742835040276
"2024-11-21 14:00:00",0.1478863512238152
"2024-11-21 13:00:00",0.14347261207865336
"2024-11-21 12:00:00",0.13894647347915742
"2024-11-21 11:00:00",0.15758015192410407
"2024-11-21 10:00:00",0.1329436821616283
"2024-11-21 09:00:00",0.129332726152491
"2024-11-21 08:00:00",0.13211400177010862
"2024-11-21 07:00:00",0.1451966872861843
"2024-11-21 06:00:00",0.13611148886327332
"2024-11-21 05:00:00",0.141025244594253
"2024-11-21 04:00:00",0.13741822465448905
"2024-11-21 03:00:00",0.12888873351000985
"2024-11-21 02:00:00",0.12925056201745944
"2024-11-21 01:00:00",0.11925056015242126
"2024-11-21 00:00:00",0.1492222864566968
"2024-11-20 23:00:00",0.23385892525028637
"2024-11-20 22:00:00",0.2244169961880416
"2024-11-20 21:00:00",0.24286018163755266
"2024-11-20 20:00:00",0.2426114401368569
"2024-11-20 19:00:00",0.2395252062869754
"2024-11-20 18:00:00",0.25300436002483856
"2024-11-20 17:00:00",0.1556386524967567
"2024-11-20 16:00:00",0.137222147634132
"2024-11-20 15:00:00",0.17472049812724436
"2024-11-20 14:00:00",0.12077921534574214
"2024-11-20 13:00:00",0.13397189475738766
"2024-11-20 12:00:00",0.13047116478580026
"2024-11-20 11:00:00",0.13374927141167206
"2024-11-20 10:00:00",0.1615005697741397
"2024-11-20 09:00:00",0.1299740889542427
"2024-11-20 08:00:00",0.12783183202265433
"2024-11-20 07:00:00",0.15611356490915065
"2024-11-20 06:00:00",0.13683283736756138
"2024-11-20 05:00:00",0.13522194510375204
"2024-11-20 04:00:00",0.1845027822447449
"2024-11-20 03:00:00",0.12680395401304004
"2024-11-20 02:00:00",0.1681950968853527
"2024-11-20 01:00:00",0.1185547201382026
"2024-11-20 00:00:00",0.11911142487548526
"2024-11-19 23:00:00",0.1189999029666931
"2024-11-19 22:00:00",0.11991784504228731
"2024-11-19 21:00:00",0.16769501898104025
"2024-11-19 20:00:00",0.15113899915577209
"2024-11-19 19:00:00",0.15611139014530864
"2024-11-19 18:00:00",0.15605595681832032
"2024-11-19 17:00:00",0.20756047686395485
"2024-11-19 16:00:00",0.17994801178189104
"2024-11-19 15:00:00",0.18275231529382388
"2024-11-19 14:00:00",0.1456122025976896
"2024-11-19 13:00:00",0.13197160442417122
"2024-11-19 12:00:00",0.13686295546725283
"2024-11-19 11:00:00",0.1603594043833242
"2024-11-19 10:00:00",0.15441243930324955
"2024-11-19 09:00:00",0.12733413807310573
"2024-11-19 08:00:00",0.12063904622263112
"2024-11-19 07:00:00",0.1241930362961584
"2024-11-19 06:00:00",0.11822305010588745
"2024-11-19 05:00:00",0.1198065484835395
"2024-11-19 04:00:00",0.118249349924747
"2024-11-19 03:00:00",0.11722239201507596
"2024-11-19 02:00:00",0.11777790612640682
"2024-11-19 01:00:00",0.11858370463831779
"2024-11-19 00:00:00",0.12063918381740185
"2024-11-18 23:00:00",0.12244362952879634
"2024-11-18 22:00:00",0.11833388634076676
"2024-11-18 21:00:00",0.11852718320607107
"2024-11-18 20:00:00",0.11969496291304212
"2024-11-18 19:00:00",0.11916606411282771
"2024-11-18 18:00:00",0.11972116891691371
"2024-11-18 17:00:00",0.12302796845227736
"2024-11-18 16:00:00",0.13608366307988037
"2024-11-18 15:00:00",0.12113934091001016
"2024-11-18 14:00:00",0.11952669170251627
"2024-11-18 13:00:00",0.12002745454398256
"2024-11-18 12:00:00",0.11897320068762385
"2024-11-18 11:00:00",0.11813848636782026
"2024-11-18 10:00:00",0.1190271855175618
"2024-11-18 09:00:00",0.12902743573381267
"2024-11-18 08:00:00",0.11847279339188536
"2024-11-18 07:00:00",0.12486189009164732
"2024-11-18 06:00:00",0.11977717555875218
"2024-11-18 05:00:00",0.11858397835814666
"2024-11-18 04:00:00",0.12152651423600587
"2024-11-18 03:00:00",0.11833381701664118
"2024-11-18 02:00:00",0.11808247446536885
"2024-11-18 01:00:00",0.1179735121430442
"2024-11-18 00:00:00",0.12041621183739308
"2024-11-17 23:00:00",0.11763986773364767
"2024-11-17 22:00:00",0.1179990125130372
"2024-11-17 21:00:00",0.11822265264007124
"2024-11-17 20:00:00",0.11883246430446893
"2024-11-17 19:00:00",0.11888743566072586
"2024-11-17 18:00:00",0.11963904695613364
"2024-11-17 17:00:00",0.11936202103032793
"2024-11-17 16:00:00",0.11961198552003462
"2024-11-17 15:00:00",0.12033225589464118
"2024-11-17 14:00:00",0.1237509143625846
"2024-11-17 13:00:00",0.11775095571507893
"2024-11-17 12:00:00",0.11880597286833017
"2024-11-17 11:00:00",0.1186396616203474
"2024-11-17 10:00:00",0.1166107914956984
"2024-11-17 09:00:00",0.11786147462839762
"2024-11-17 08:00:00",0.11983455692247062
"2024-11-17 07:00:00",0.11799789600529115
"2024-11-17 06:00:00",0.11922329643527173
"2024-11-17 05:00:00",0.12022227622141211
"2024-11-17 04:00:00",0.11802868311986207
"2024-11-17 03:00:00",0.11947204618791256
"2024-11-17 02:00:00",0.11963985073727983
"2024-11-17 01:00:00",0.12288817223949484
"2024-11-17 00:00:00",0.12052888922497638
"2024-11-16 23:00:00",0.12075025041311137
"2024-11-16 22:00:00",0.11902801083162597
"2024-11-16 21:00:00",0.11863890370027995
"2024-11-16 20:00:00",0.11880622973431271
"2024-11-16 19:00:00",0.11847248001744409
"2024-11-16 18:00:00",0.11777714849184233
"2024-11-16 17:00:00",0.11938919300560043
"2024-11-16 16:00:00",0.11897269347058727
"2024-11-16 15:00:00",0.1663617292934694
"2024-11-16 14:00:00",0.11888879320655331
"2024-11-16 13:00:00",0.11813930521026529
"2024-11-16 12:00:00",0.11708317362756511
"2024-11-16 11:00:00",0.12191478309159305
"2024-11-16 10:00:00",0.11822280373375715
"2024-11-16 09:00:00",0.11622195157945846
"2024-11-16 08:00:00",0.11855557082739175
"2024-11-16 07:00:00",0.1183330646786717
"2024-11-16 06:00:00",0.11749973998224249
"2024-11-16 05:00:00",0.11922206364068573
"2024-11-16 04:00:00",0.11836056541901369
"2024-11-16 03:00:00",0.11805607187491339
"2024-11-16 02:00:00",0.11830449140510245
"2024-11-16 01:00:00",0.11908301406634138
"2024-11-16 00:00:00",0.11961135264320995
"2024-11-15 23:00:00",0.1178908638181463
"2024-11-15 22:00:00",0.11900004064511553
"2024-11-15 21:00:00",0.12135951917874804
"2024-11-15 20:00:00",0.11736216615276857
"2024-11-15 19:00:00",0.11975041223875009
"2024-11-15 18:00:00",0.1263898028852107
"2024-11-15 17:00:00",0.11758230657068132
"2024-11-15 16:00:00",0.12327800160113402
"2024-11-15 15:00:00",0.11869382807961554
"2024-11-15 14:00:00",0.13533055325231516
"2024-11-15 13:00:00",0.13850088044400935
"2024-11-15 12:00:00",0.13527779252263958
"2024-11-15 11:00:00",0.1462485173260398
"2024-11-15 10:00:00",0.1538343665069818
"2024-11-15 09:00:00",0.1533330623554355
"2024-11-15 08:00:00",0.15919312285243595
"2024-11-15 07:00:00",0.12797374364087563
"2024-11-15 06:00:00",0.11855509653722694
"2024-11-15 05:00:00",0.16755901862170305
"2024-11-15 04:00:00",0.12063913483309861
"2024-11-15 03:00:00",0.11880653892350757
"2024-11-15 02:00:00",0.11825172350691172
"2024-11-15 01:00:00",0.11930567165205501
"2024-11-15 00:00:00",0.1205551899227403
"2024-11-14 23:00:00",0.11847246947189267
"2024-11-14 22:00:00",0.11797089101201895
"2024-11-14 21:00:00",0.12094355152058833
"2024-11-14 20:00:00",0.12194538358184355
"2024-11-14 19:00:00",0.13677712829935387
"2024-11-14 18:00:00",0.2069760676579868
"2024-11-14 17:00:00",0.13805517267118558
"2024-11-14 16:00:00",0.13855669867421913
"2024-11-14 15:00:00",0.13069368463674177
"2024-11-14 14:00:00",0.12030658895141198
"2024-11-14 13:00:00",0.1177780894135348
"2024-11-14 12:00:00",0.1194436268935804
"2024-11-14 11:00:00",0.11838844885796307
"2024-11-14 10:00:00",0.11911076654927559
"2024-11-14 09:00:00",0.11800110205581227
"2024-11-14 08:00:00",0.11822179474469774
"2024-11-14 07:00:00",0.11769542075176931
"2024-11-14 06:00:00",0.11924967442935928
"2024-11-14 05:00:00",0.12233340866122643
"2024-11-14 04:00:00",0.11816755336645703
"2024-11-14 03:00:00",0.1183059878330175
"2024-11-14 02:00:00",0.11791633108189199
"2024-11-14 01:00:00",0.11897151247393478
"2024-11-14 00:00:00",0.1196407231698881
"2024-11-13 23:00:00",0.14555484316535486
"2024-11-13 22:00:00",0.11991274419504415
"2024-11-13 21:00:00",0.12044262359050051
"2024-11-13 20:00:00",0.12044283838686302
"2024-11-13 19:00:00",0.13183573676111424
"2024-11-13 18:00:00",0.14974968484494272
"2024-11-13 17:00:00",0.15489079522963545
"2024-11-13 16:00:00",0.1556375089475311
"2024-11-13 15:00:00",0.14802754287164474
"2024-11-13 14:00:00",0.15713783329269845
"2024-11-13 13:00:00",0.19552956204093586
"2024-11-13 12:00:00",0.21427256396860228
"2024-11-13 11:00:00",0.16077581257977355
"2024-11-13 10:00:00",0.1370838871709213
"2024-11-13 09:00:00",0.1363064318711351
"2024-11-13 08:00:00",0.14011178820550496
"2024-11-13 07:00:00",0.1830578695593109
"2024-11-13 06:00:00",0.12522213998225482
"2024-11-13 05:00:00",0.12561168697385297
"2024-11-13 04:00:00",0.12438925350337521
"2024-11-13 03:00:00",0.12025106225494636
"2024-11-13 02:00:00",0.15113907728624215
"2024-11-13 01:00:00",0.13027798546749306
"2024-11-13 00:00:00",0.13011322640240455
"2024-11-12 23:00:00",0.11977737772170495
"2024-11-12 22:00:00",0.1206097178643598
"2024-11-12 21:00:00",0.12174908008614878
"2024-11-12 20:00:00",0.12319373888835615
"2024-11-12 19:00:00",0.12416610039578135
"2024-11-12 18:00:00",0.1705276308024246
"2024-11-12 17:00:00",0.12222203959821303
"2024-11-12 16:00:00",0.13255612712315953
"2024-11-12 15:00:00",0.12150080320962735
"2024-11-12 14:00:00",0.12152694166632544
"2024-11-12 13:00:00",0.1231673311195806
"2024-11-12 12:00:00",0.12788718806264016
"2024-11-12 11:00:00",0.11938854080774997
"2024-11-12 10:00:00",0.12219498689082352
"2024-11-12 09:00:00",0.12197208629675822
"2024-11-12 08:00:00",0.1298891787018903
"2024-11-12 07:00:00",0.13863950148819537
"2024-11-12 06:00:00",0.1347501790296061
"2024-11-12 05:00:00",0.12771876151130415
"2024-11-12 04:00:00",0.12041649203825124
"2024-11-12 03:00:00",0.11944572516520185
"2024-11-12 02:00:00",0.12083440930721306
"2024-11-12 01:00:00",0.11880659282168293
"2024-11-12 00:00:00",0.12108045884996986
"2024-11-11 23:00:00",0.12094499099222888
"2024-11-11 22:00:00",0.12769498337776033
"2024-11-11 21:00:00",0.1201678569550686
"2024-11-11 20:00:00",0.12149999731998029
"2024-11-11 19:00:00",0.12050191886036808
"2024-11-11 18:00:00",0.12127884304872232
"2024-11-11 17:00:00",0.12133258877875942
"2024-11-11 16:00:00",0.12358286816629477
"2024-11-11 15:00:00",0.15026898498610802
"2024-11-11 14:00:00",0.13695198275895085
"2024-11-11 13:00:00",0.12974798585477604
"2024-11-11 12:00:00",0.14514113487805755
"2024-11-11 11:00:00",0.12013881521557469
"2024-11-11 10:00:00",0.12036033129436485
"2024-11-11 09:00:00",0.12330701771853882
"2024-11-11 08:00:00",0.15352935742121376
"2024-11-11 07:00:00",0.12844500836238862
"2024-11-11 06:00:00",0.13905703243595194
"2024-11-11 05:00:00",0.1464426858645354
"2024-11-11 04:00:00",0.12041766980555346
"2024-11-11 03:00:00",0.12050047475279224
"2024-11-11 02:00:00",0.11986215297236523
"2024-11-11 01:00:00",0.1220551244935757
"2024-11-11 00:00:00",0.12174982976504094
"2024-11-10 23:00:00",0.12149872005632344
"2024-11-10 22:00:00",0.12105634665963337
"2024-11-10 21:00:00",0.11986246086008755
"2024-11-10 20:00:00",0.1214736190949079
"2024-11-10 19:00:00",0.12316841452705408
"2024-11-10 18:00:00",0.11888685989985126
"2024-11-10 17:00:00",0.11961136013213164
"2024-11-10 16:00:00",0.119168899396916
"2024-11-10 15:00:00",0.11877677210765884
"2024-11-10 14:00:00",0.12011118498979277
"2024-11-10 13:00:00",0.11841729901298192
"2024-11-10 12:00:00",0.11877812025700434
"2024-11-10 11:00:00",0.11991697280573087
"2024-11-10 10:00:00",0.11836072698641252
"2024-11-10 09:00:00",0.11755559679746184
"2024-11-10 08:00:00",0.1204149402501472
"2024-11-10 07:00:00",0.11991841338910446
"2024-11-10 06:00:00",0.12210998852219468
"2024-11-10 05:00:00",0.11916688445864287
"2024-11-10 04:00:00",0.11908333289607348
"2024-11-10 03:00:00",0.11872262829771507
"2024-11-10 02:00:00",0.11872266635769295
"2024-11-10 01:00:00",0.12097416968596479
"2024-11-10 00:00:00",0.1204989361904281
"2024-11-09 23:00:00",0.11947117017272074
"2024-11-09 22:00:00",0.11966627340162984
"2024-11-09 21:00:00",0.1210555474224468
"2024-11-09 20:00:00",0.12000083532899436
"2024-11-09 19:00:00",0.11994327179829388
"2024-11-09 18:00:00",0.11938898999690922
"2024-11-09 17:00:00",0.12011127309914937
"2024-11-09 16:00:00",0.12391604736169508
"2024-11-09 15:00:00",0.1281961800802208
"2024-11-09 14:00:00",0.13616680753753
"2024-11-09 13:00:00",0.1378351877108739
"2024-11-09 12:00:00",0.13874879769851342
"2024-11-09 11:00:00",0.1371115155350043
"2024-11-09 10:00:00",0.13744341760994183
"2024-11-09 09:00:00",0.13713848218251115
"2024-11-09 08:00:00",0.13724853614706686
"2024-11-09 07:00:00",0.13691730860687182
"2024-11-09 06:00:00",0.137388374314488
"2024-11-09 05:00:00",0.14358448745758998
"2024-11-09 04:00:00",0.11894389435352391
"2024-11-09 03:00:00",0.11880551390507614
"2024-11-09 02:00:00",0.12288824205343847
"2024-11-09 01:00:00",0.11819378546608587
"2024-11-09 00:00:00",0.1217232984461709
"2024-11-08 23:00:00",0.12058185035910347
"2024-11-08 22:00:00",0.12036255946824426
"2024-11-08 21:00:00",0.12180571072598943
"2024-11-08 20:00:00",0.1209737871729496
"2024-11-08 19:00:00",0.11969224805255152
"2024-11-08 18:00:00",0.12047257639613106
"2024-11-08 17:00:00",0.1201670302790659
"2024-11-08 16:00:00",0.12063825198197427
"2024-11-08 15:00:00",0.12016748777200757
"2024-11-08 14:00:00",0.12027541698921174
"2024-11-08 13:00:00",0.12316644459258842
"2024-11-08 12:00:00",0.11961151862129972
"2024-11-08 11:00:00",0.1203056494642548
"2024-11-08 10:00:00",0.14116376995761937
"2024-11-08 09:00:00",0.11772144263107397
"2024-11-08 08:00:00",0.11986134681509113
"2024-11-08 07:00:00",0.11791741769552627
"2024-11-08 06:00:00",0.11849984428600534
"2024-11-08 05:00:00",0.12313717426366555
"2024-11-08 04:00:00",0.1182773543531284
"2024-11-08 03:00:00",0.1236675759712953
"2024-11-08 02:00:00",0.11919576320821094
"2024-11-08 01:00:00",0.11972234334877656
"2024-11-08 00:00:00",0.12055659059473968
"2024-11-07 23:00:00",0.12416792014883488
"2024-11-07 22:00:00",0.11927726219604023
"2024-11-07 21:00:00",0.12038744297870296
"2024-11-07 20:00:00",0.11997250156796695
"2024-11-07 19:00:00",0.11952953527406095
"2024-11-07 18:00:00",0.11949908092748467
"2024-11-07 17:00:00",0.12044544814313468
"2024-11-07 16:00:00",0.12110950613452338
"2024-11-07 15:00:00",0.11802722884638352
"2024-11-07 14:00:00",0.12052700889850783
"2024-11-07 13:00:00",0.1187226081219984
"2024-11-07 12:00:00",0.11680511751833822
"2024-11-07 11:00:00",0.1214169417523497
"2024-11-07 10:00:00",0.12200103313419186
"2024-11-07 09:00:00",0.11763823549875228
"2024-11-07 08:00:00",0.11863776442297486
"2024-11-07 07:00:00",0.11966584622043647
"2024-11-07 06:00:00",0.11927864189785926
"2024-11-07 05:00:00",0.11905623524413456
"2024-11-07 04:00:00",0.15944252704471426
"2024-11-07 03:00:00",0.11808412727342966
"2024-11-07 02:00:00",0.11797146057196688
"2024-11-07 01:00:00",0.119582591189765
"2024-11-07 00:00:00",0.120445042425103
"2024-11-06 23:00:00",0.1178320622486121
"2024-11-06 22:00:00",0.11900044548407157
"2024-11-06 21:00:00",0.11886044045420614
"2024-11-06 20:00:00",0.12281085805954373
"2024-11-06 19:00:00",0.12058229712689832
"2024-11-06 18:00:00",0.12055319000829723
"2024-11-06 17:00:00",0.12130725348290179
"2024-11-06 16:00:00",0.12122443632407282
"2024-11-06 15:00:00",0.11974895382207867
"2024-11-06 14:00:00",0.1464156646528792
"2024-11-06 13:00:00",0.13922233451331326
"2024-11-06 12:00:00",0.11813797028817341
"2024-11-06 11:00:00",0.1656956459633935
"2024-11-06 10:00:00",0.1182513566284813
"2024-11-06 09:00:00",0.11841593894405895
"2024-11-06 08:00:00",0.1177793928670219
"2024-11-06 07:00:00",0.1182772154432412
"2024-11-06 06:00:00",0.1215277679648024
"2024-11-06 05:00:00",0.11677574828325556
"2024-11-06 04:00:00",0.1156660407226801
"2024-11-06 03:00:00",0.11744432231169162
"2024-11-06 02:00:00",0.11663774976954837
"2024-11-06 01:00:00",0.12144646230604574
"2024-11-06 00:00:00",0.11813833055902212
"2024-11-05 23:00:00",0.11655769427038848
"2024-11-05 22:00:00",0.11549803882430808
"2024-11-05 21:00:00",0.1517622702503417
"2024-11-05 20:00:00",0.11772282953508671
"2024-11-05 19:00:00",0.11714029636391221
"2024-11-05 18:00:00",0.11788935519462396
"2024-11-05 17:00:00",0.12100043148662042
"2024-11-05 16:00:00",0.11813997592911296
"2024-11-05 15:00:00",0.12027814486299772
"2024-11-05 14:00:00",0.11805420481670176
"2024-11-05 13:00:00",0.1166675133713823
"2024-11-05 12:00:00",0.11827743508398257
"2024-11-05 11:00:00",0.11813789100941917
"2024-11-05 10:00:00",0.11852807626560556
"2024-11-05 09:00:00",0.11799854620409772
"2024-11-05 08:00:00",0.11883504385194503
"2024-11-05 07:00:00",0.11922171332171233
"2024-11-05 06:00:00",0.11869412784087431
"2024-11-05 05:00:00",0.11880508696930142
"2024-11-05 04:00:00",0.11730425691103978
"2024-11-05 03:00:00",0.12183314940013706
"2024-11-05 02:00:00",0.11850071772669052
"2024-11-05 01:00:00",0.11800124168829518
"2024-11-05 00:00:00",0.12063987457974061
"2024-11-04 23:00:00",0.11755558881506191
"2024-11-04 22:00:00",0.11786162548032066
"2024-11-04 21:00:00",0.11713795216733476
"2024-11-04 20:00:00",0.11986125811636046
"2024-11-04 19:00:00",0.11877973146791182
"2024-11-04 18:00:00",0.11750014229939652
"2024-11-04 17:00:00",0.11813912209115411
"2024-11-04 16:00:00",0.12116748269135204
"2024-11-04 15:00:00",0.11911301537361259
"2024-11-04 14:00:00",0.12208362610334579
"2024-11-04 13:00:00",0.11877815267576007
"2024-11-04 12:00:00",0.1382489162462807
"2024-11-04 11:00:00",0.12197231622952709
"2024-11-04 10:00:00",0.1316667891480844
"2024-11-04 09:00:00",0.1639164166033667
"2024-11-04 08:00:00",0.1394704963490174
"2024-11-04 07:00:00",0.15780656360799997
"2024-11-04 06:00:00",0.11691719052531653
"2024-11-04 05:00:00",0.11772341025262147
"2024-11-04 04:00:00",0.11788888410322558
"2024-11-04 03:00:00",0.11758434946432823
"2024-11-04 02:00:00",0.11894555545205164
"2024-11-04 01:00:00",0.11813783136106505
"2024-11-04 00:00:00",0.12286218793276808
"2024-11-03 23:00:00",0.11713939854150035
"2024-11-03 22:00:00",0.11874897390980531
"2024-11-03 21:00:00",0.11758441726200541
"2024-11-03 20:00:00",0.11666597648084563
"2024-11-03 19:00:00",0.11791659204880695
"2024-11-03 18:00:00",0.11802877893067322
"2024-11-03 17:00:00",0.11738799138713979
"2024-11-03 16:00:00",0.11852858487656233
"2024-11-03 15:00:00",0.11919261278428261
"2024-11-03 14:00:00",0.11775070096898561
"2024-11-03 13:00:00",0.11777655139968225
"2024-11-03 12:00:00",0.11811042983052233
"2024-11-03 11:00:00",0.11991777257356999
"2024-11-03 10:00:00",0.11747136047510436
"2024-11-03 09:00:00",0.11749933739608798
"2024-11-03 08:00:00",0.11805599468546185
"2024-11-03 07:00:00",0.11664000236422394
"2024-11-03 06:00:00",0.1189440538440138
"2024-11-03 05:00:00",0.1188621911320843
"2024-11-03 04:00:00",0.11674966396934067
"2024-11-03 03:00:00",0.11713956449917716
"2024-11-03 02:00:00",0.11733372851161851
"2024-11-03 01:00:00",0.12108327702696635
"2024-11-03 00:00:00",0.11952956994152884
"2024-11-02 23:00:00",0.1176393989246562
"2024-11-02 22:00:00",0.1165276978267543
"2024-11-02 21:00:00",0.12199934986195647
"2024-11-02 20:00:00",0.14624985950456365
"2024-11-02 19:00:00",0.12858341411255605
"2024-11-02 18:00:00",0.11766826589776967
"2024-11-02 17:00:00",0.11716799419596881
"2024-11-02 16:00:00",0.11652660491631689
"2024-11-02 15:00:00",0.1186110170654177
"2024-11-02 14:00:00",0.11997480878122287
"2024-11-02 13:00:00",0.1179173126997634
"2024-11-02 12:00:00",0.11805662064512384
"2024-11-02 11:00:00",0.11883314255753792
"2024-11-02 10:00:00",0.11730594749626792
"2024-11-02 09:00:00",0.11738879103108468
"2024-11-02 08:00:00",0.12163876199842155
"2024-11-02 07:00:00",0.13688560538267366
"2024-11-02 06:00:00",0.1180828092658629
"2024-11-02 05:00:00",0.1674170136476719
"2024-11-02 04:00:00",0.11830692193964043
"2024-11-02 03:00:00",0.11702778487941591
"2024-11-02 02:00:00",0.11997259806060716
"2024-11-02 01:00:00",0.11875011255289085
"2024-11-02 00:00:00",0.1191684307919339
"2024-11-01 23:00:00",0.12058248853922371
"2024-11-01 22:00:00",0.11952914576681374
"2024-11-01 21:00:00",0.11769715478956194
"2024-11-01 20:00:00",0.11938845016799188
"2024-11-01 19:00:00",0.11905544103033833
"2024-11-01 18:00:00",0.12474466339640224
"2024-11-01 17:00:00",0.11919421883828533
"2024-11-01 16:00:00",0.123834579631776
"2024-11-01 15:00:00",0.12238723747032215
"2024-11-01 14:00:00",0.12063976330913147
"2024-11-01 13:00:00",0.12116629599119057
"2024-11-01 12:00:00",0.12100043038963564
"2024-11-01 11:00:00",0.11938796587184342
"2024-11-01 10:00:00",0.12030646157222565
"2024-11-01 09:00:00",0.11977898657551068
"2024-11-01 08:00:00",0.1197205929876306
"2024-11-01 07:00:00",0.12191573736329485
"2024-11-01 06:00:00",0.12452659592829068
"2024-11-01 05:00:00",0.12341565691754901
"2024-11-01 04:00:00",0.1478627024326839
"2024-11-01 03:00:00",0.1397207539740007
"2024-11-01 02:00:00",0.174940491498267
"2024-11-01 01:00:00",0.12011107949764326
"2024-11-01 00:00:00",0.12191681678349724
"2024-10-31 23:00:00",0.12083320479946393
"2024-10-31 22:00:00",0.12111079541948296
"2024-10-31 21:00:00",0.12041891342441373
"2024-10-31 20:00:00",0.12130363236129982
"2024-10-31 19:00:00",0.12327896659746813
"2024-10-31 18:00:00",0.12497524185701818
"2024-10-31 17:00:00",0.11913761017423936
"2024-10-31 16:00:00",0.12169450567226331
"2024-10-31 15:00:00",0.12575123584460074
"2024-10-31 14:00:00",0.12272047563024631
"2024-10-31 13:00:00",0.12038854332922655
"2024-10-31 12:00:00",0.12039087621299001
"2024-10-31 11:00:00",0.11772239097840946
"2024-10-31 10:00:00",0.12152528229258569
"2024-10-31 09:00:00",0.12536183505719437
"2024-10-31 08:00:00",0.1288882743809138
"2024-10-31 07:00:00",0.1226382567249259
"2024-10-31 06:00:00",0.12013896836103281
"2024-10-31 05:00:00",0.1215007805102799
"2024-10-31 04:00:00",0.12000234549040344
"2024-10-31 03:00:00",0.12041571836956445
"2024-10-31 02:00:00",0.12000034794930399
"2024-10-31 01:00:00",0.12364223987897677
"2024-10-31 00:00:00",0.12072079757803622
"2024-10-30 23:00:00",0.1207772261678829
"2024-10-30 22:00:00",0.11858269734487593
"2024-10-30 21:00:00",0.11858171170305369
"2024-10-30 20:00:00",0.12069553354934921
"2024-10-30 19:00:00",0.12144632617564459
"2024-10-30 18:00:00",0.12102703651669304
"2024-10-30 17:00:00",0.12019334106164038
"2024-10-30 16:00:00",0.11936185333372974
"2024-10-30 15:00:00",0.12136048583726457
"2024-10-30 14:00:00",0.12274959710729279
"2024-10-30 13:00:00",0.12122147793696147
"2024-10-30 12:00:00",0.11927769926387465
"2024-10-30 11:00:00",0.12285803334419633
"2024-10-30 10:00:00",0.12119737541412207
"2024-10-30 09:00:00",0.12119425155990737
"2024-10-30 08:00:00",0.12100121139847501
"2024-10-30 07:00:00",0.12399866412497375
"2024-10-30 06:00:00",0.12575038959980941
"2024-10-30 05:00:00",0.12411110009729344
"2024-10-30 04:00:00",0.12425024316285437
"2024-10-30 03:00:00",0.12222131200561369
"2024-10-30 02:00:00",0.12391676273219067
"2024-10-30 01:00:00",0.17144638888708708
"2024-10-30 00:00:00",0.1274185478887391
"2024-10-29 23:00:00",0.12558560367821742
"2024-10-29 22:00:00",0.12763910457038327
"2024-10-29 21:00:00",0.12424937253234829
"2024-10-29 20:00:00",0.12536016631885852
"2024-10-29 19:00:00",0.1250553165275765
"2024-10-29 18:00:00",0.1250541406058886
"2024-10-29 17:00:00",0.12347142119694192
"2024-10-29 16:00:00",0.12541977292176795
"2024-10-29 15:00:00",0.12152939267381337
"2024-10-29 14:00:00",0.12222106485680706
"2024-10-29 13:00:00",0.12002809400989513
"2024-10-29 12:00:00",0.12385901852939607
"2024-10-29 11:00:00",0.12911249452193863
"2024-10-29 10:00:00",0.12497239425954128
"2024-10-29 09:00:00",0.12438896077572015
"2024-10-29 08:00:00",0.1259976395718715
"2024-10-29 07:00:00",0.12275012910343253
"2024-10-29 06:00:00",0.12127854548246429
"2024-10-29 05:00:00",0.12219437003353224
"2024-10-29 04:00:00",0.12100242021318051
"2024-10-29 03:00:00",0.12219539382620287
"2024-10-29 02:00:00",0.12027791875770211
"2024-10-29 01:00:00",0.12033489849024304
"2024-10-29 00:00:00",0.12269442847556604
"2024-10-28 23:00:00",0.12091584744934951
"2024-10-28 22:00:00",0.12172333591773295
"2024-10-28 21:00:00",0.12238949465959799
"2024-10-28 20:00:00",0.12266552518928824
"2024-10-28 19:00:00",0.12533504953283892
"2024-10-28 18:00:00",0.11980447998753008
"2024-10-28 17:00:00",0.12033179609631088
"2024-10-28 16:00:00",0.11963646453445675
"2024-10-28 15:00:00",0.11883167164285598
"2024-10-28 14:00:00",0.12047344591649549
"2024-10-28 13:00:00",0.11894308981321178
"2024-10-28 12:00:00",0.11872261334200158
"2024-10-28 11:00:00",0.1218335033594754
"2024-10-28 10:00:00",0.12358221010251279
"2024-10-28 09:00:00",0.12161059576010831
"2024-10-28 08:00:00",0.11877836123240937
"2024-10-28 07:00:00",0.11958528843065715
"2024-10-28 06:00:00",0.12174979593668261
"2024-10-28 05:00:00",0.17608804988168383
"2024-10-28 04:00:00",0.11924938257663655
"2024-10-28 03:00:00",0.11699892335946616
"2024-10-28 02:00:00",0.11736230100921875
"2024-10-28 01:00:00",0.11691628553259618
"2024-10-28 00:00:00",0.11880408237496999
"2024-10-27 23:00:00",0.11950019993961784
"2024-10-27 22:00:00",0.11791704364833855
"2024-10-27 21:00:00",0.11819506793271582
"2024-10-27 20:00:00",0.12077562318851547
"2024-10-27 19:00:00",0.1159474426408638
"2024-10-27 18:00:00",0.11844357889659607
"2024-10-27 17:00:00",0.12024977882656025
"2024-10-27 16:00:00",0.1260546384787066
"2024-10-27 15:00:00",0.11908542949150173
"2024-10-27 14:00:00",0.11683486501682717
"2024-10-27 13:00:00",0.11836210755794235
"2024-10-27 12:00:00",0.11916503406530467
"2024-10-27 11:00:00",0.11916592674071945
"2024-10-27 10:00:00",0.11805637642893706
"2024-10-27 09:00:00",0.11808291351812648
"2024-10-27 08:00:00",0.1191132676858629
"2024-10-27 07:00:00",0.12063694473199366
"2024-10-27 06:00:00",0.12113969806312001
"2024-10-27 05:00:00",0.11938882681536038
"2024-10-27 04:00:00",0.11855553548491467
"2024-10-27 03:00:00",0.11744556254370477
"2024-10-27 02:00:00",0.12088888770407197
"2024-10-27 01:00:00",0.11869429562704113
"2024-10-27 00:00:00",0.11891650509075764
"2024-10-26 23:00:00",0.11711195789773378
"2024-10-26 22:00:00",0.11833225276137771
"2024-10-26 21:00:00",0.11761269087801986
"2024-10-26 20:00:00",0.1192230031759229
"2024-10-26 19:00:00",0.11922112046243176
"2024-10-26 18:00:00",0.1178895070859461
"2024-10-26 17:00:00",0.12011263416949002
"2024-10-26 16:00:00",0.12047491415709331
"2024-10-26 15:00:00",0.11986050823900242
"2024-10-26 14:00:00",0.11974956414923915
"2024-10-26 13:00:00",0.119109565581504
"2024-10-26 12:00:00",0.1231115001479217
"2024-10-26 11:00:00",0.12005726645366162
"2024-10-26 10:00:00",0.12277801866251703
"2024-10-26 09:00:00",0.12114129934636647
"2024-10-26 08:00:00",0.12308262586165512
"2024-10-26 07:00:00",0.1205836826575692
"2024-10-26 06:00:00",0.11913947666027906
"2024-10-26 05:00:00",0.1182769363985915
"2024-10-26 04:00:00",0.12008489795319138
"2024-10-26 03:00:00",0.11699914659614337
"2024-10-26 02:00:00",0.145277664797301
"2024-10-26 01:00:00",0.11991580309051243
"2024-10-26 00:00:00",0.12144470877415413
"2024-10-25 23:00:00",0.12250574633406629
"2024-10-25 22:00:00",0.1196378646356413
"2024-10-25 21:00:00",0.12035976420361273
"2024-10-25 20:00:00",0.11961241917533004
"2024-10-25 19:00:00",0.12055403798510834
"2024-10-25 18:00:00",0.12105522800004942
"2024-10-25 17:00:00",0.12155520311919782
"2024-10-25 16:00:00",0.12350028533969924
"2024-10-25 15:00:00",0.12230390092126459
"2024-10-25 14:00:00",0.12183382229155726
"2024-10-25 13:00:00",0.11997240642137504
"2024-10-25 12:00:00",0.12094429611479879
"2024-10-25 11:00:00",0.11899800354674106
"2024-10-25 10:00:00",0.117944168909643
"2024-10-25 09:00:00",0.12339191958127942
"2024-10-25 08:00:00",0.12052729814767164
"2024-10-25 07:00:00",0.1210539886828239
"2024-10-25 06:00:00",0.12044445981099892
"2024-10-25 05:00:00",0.12030585896820546
"2024-10-25 04:00:00",0.11983371341716781
"2024-10-25 03:00:00",0.12005615148894987
"2024-10-25 02:00:00",0.12002731279372852
"2024-10-25 01:00:00",0.12011205195332621
"2024-10-25 00:00:00",0.11960932206930715
"2024-10-24 23:00:00",0.11961106498154322
"2024-10-24 22:00:00",0.11822078423521372
"2024-10-24 21:00:00",0.1182479199227881
"2024-10-24 20:00:00",0.12286330072147279
"2024-10-24 19:00:00",0.11930509384032861
"2024-10-24 18:00:00",0.1199731149977555
"2024-10-24 17:00:00",0.11919408708827683
"2024-10-24 16:00:00",0.11930572667436862
"2024-10-24 15:00:00",0.12166653584547811
"2024-10-24 14:00:00",0.12122248508423561
"2024-10-24 13:00:00",0.1275560445617652
"2024-10-24 12:00:00",0.12655455812513153
"2024-10-24 11:00:00",0.11908324472814764
"2024-10-24 10:00:00",0.12008353946633889
"2024-10-24 09:00:00",0.11952784048406051
"2024-10-24 08:00:00",0.1200848909967784
"2024-10-24 07:00:00",0.12008360249518402
"2024-10-24 06:00:00",0.12991485229629882
"2024-10-24 05:00:00",0.11919560092033821
"2024-10-24 04:00:00",0.11624975965290656
"2024-10-24 03:00:00",0.11799982273573258
"2024-10-24 02:00:00",0.11972230648347838
"2024-10-24 01:00:00",0.11927795280746788
"2024-10-24 00:00:00",0.12085962335003177
"2024-10-23 23:00:00",0.11980607244855467
"2024-10-23 22:00:00",0.1201664895448424
"2024-10-23 21:00:00",0.11958373638915747
"2024-10-23 20:00:00",0.12033373143674159
"2024-10-23 19:00:00",0.12099900855188117
"2024-10-23 18:00:00",0.11970208912374425
"2024-10-23 17:00:00",0.12740584421477774
"2024-10-23 16:00:00",0.12983391944899683
"2024-10-23 15:00:00",0.12316592379487219
"2024-10-23 14:00:00",0.11966689402825326
"2024-10-23 13:00:00",0.11888946514647582
"2024-10-23 12:00:00",0.11966974729630238
"2024-10-23 11:00:00",0.11902706608911101
"2024-10-23 10:00:00",0.11988922834631079
"2024-10-23 09:00:00",0.18627807585643183
"2024-10-23 08:00:00",0.15866508895896353
"2024-10-23 07:00:00",0.13777866894029217
"2024-10-23 06:00:00",0.19171768170926337
"2024-10-23 05:00:00",0.15088888003971093
"2024-10-23 04:00:00",0.18355241718160262
"2024-10-23 03:00:00",0.1708640736117577
"2024-10-23 02:00:00",0.11600013471081715
"2024-10-23 01:00:00",0.11719392843472605
"2024-10-23 00:00:00",0.12005615907348348
"2024-10-22 23:00:00",0.11663893356418
"2024-10-22 22:00:00",0.11808314219666394
"2024-10-22 21:00:00",0.11791613635289189
"2024-10-22 20:00:00",0.1186387220918841
"2024-10-22 19:00:00",0.11764098927016725
"2024-10-22 18:00:00",0.11935886106290812
"2024-10-22 17:00:00",0.11983197208195656
"2024-10-22 16:00:00",0.11819334488810668
"2024-10-22 15:00:00",0.11811048849155197
"2024-10-22 14:00:00",0.11722184639676925
"2024-10-22 13:00:00",0.12419674620218657
"2024-10-22 12:00:00",0.11672111891635832
"2024-10-22 11:00:00",0.11580504275911219
"2024-10-22 10:00:00",0.11611074742140776
"2024-10-22 09:00:00",0.11608296351563406
"2024-10-22 08:00:00",0.11722169108749914
"2024-10-22 07:00:00",0.11722217572207706
"2024-10-22 06:00:00",0.11694491408041108
"2024-10-22 05:00:00",0.11725101704708173
"2024-10-22 04:00:00",0.11544509562700132
"2024-10-22 03:00:00",0.11805672533761256
"2024-10-22 02:00:00",0.11736130661382177
"2024-10-22 01:00:00",0.11697260267337356
"2024-10-22 00:00:00",0.12233351890366308
"2024-10-21 23:00:00",0.11899960135342423
"2024-10-21 22:00:00",0.11857930727321979
"2024-10-21 21:00:00",0.12263974224927522
"2024-10-21 20:00:00",0.11952784702199777
"2024-10-21 19:00:00",0.1182224064427143
"2024-10-21 18:00:00",0.11658433775872479
"2024-10-21 17:00:00",0.11680678784815622
"2024-10-21 16:00:00",0.11558174969703877
"2024-10-21 15:00:00",0.11674922647892126
"2024-10-21 14:00:00",0.12088988313513298
"2024-10-21 13:00:00",0.1203895715736733
"2024-10-21 12:00:00",0.11755545539974771
"2024-10-21 11:00:00",0.11875139003260886
"2024-10-21 10:00:00",0.12202679280206434
"2024-10-21 09:00:00",0.1167502567623709
"2024-10-21 08:00:00",0.1161674610492387
"2024-10-21 07:00:00",0.11680477726302058
"2024-10-21 06:00:00",0.11575108484546028
"2024-10-21 05:00:00",0.11536071971361402
"2024-10-21 04:00:00",0.11638862628801433
"2024-10-21 03:00:00",0.11308286388948201
"2024-10-21 02:00:00",0.11491733618215004
"2024-10-21 01:00:00",0.11538816956344161
"2024-10-21 00:00:00",0.11513886880239872
"2024-10-20 23:00:00",0.11497208458229251
"2024-10-20 22:00:00",0.11447288275106272
"2024-10-20 21:00:00",0.11855397652318635
"2024-10-20 20:00:00",0.1158623955617688
"2024-10-20 19:00:00",0.11516688308062946
"2024-10-20 18:00:00",0.11488861725971178
"2024-10-20 17:00:00",0.11505599855562919
"2024-10-20 16:00:00",0.11552750009968103
"2024-10-20 15:00:00",0.11552786730040443
"2024-10-20 14:00:00",0.11824905315873872
"2024-10-20 13:00:00",0.11525012052363622
"2024-10-20 12:00:00",0.11749980454204494
"2024-10-20 11:00:00",0.12260921884530979
"2024-10-20 10:00:00",0.1223334815397017
"2024-10-20 09:00:00",0.11588892894270147
"2024-10-20 08:00:00",0.11374937820898397
"2024-10-20 07:00:00",0.12058183975878221
"2024-10-20 06:00:00",0.1143616499246141
"2024-10-20 05:00:00",0.1130823845312795
"2024-10-20 04:00:00",0.11539107208000572
"2024-10-20 03:00:00",0.1156945559551135
"2024-10-20 02:00:00",0.11474930041491414
"2024-10-20 01:00:00",0.11941621441962265
"2024-10-20 00:00:00",0.11708377231463622
"2024-10-19 23:00:00",0.11575138037849032
"2024-10-19 22:00:00",0.11655564515581286
"2024-10-19 21:00:00",0.11566619591012234
"2024-10-19 20:00:00",0.11544372222543636
"2024-10-19 19:00:00",0.11677810668583216
"2024-10-19 18:00:00",0.1167788010690166
"2024-10-19 17:00:00",0.11944374790646854
"2024-10-19 16:00:00",0.11380557794292821
"2024-10-19 15:00:00",0.11574915127897036
"2024-10-19 14:00:00",0.11677806116606088
"2024-10-19 13:00:00",0.11533329795092813
"2024-10-19 12:00:00",0.11747298179386849
"2024-10-19 11:00:00",0.11844389153116303
"2024-10-19 10:00:00",0.1196106958092477
"2024-10-19 09:00:00",0.11708346343739871
"2024-10-19 08:00:00",0.11936003317023806
"2024-10-19 07:00:00",0.11819475387752076
"2024-10-19 06:00:00",0.11800067199936469
"2024-10-19 05:00:00",0.117139830834676
"2024-10-19 04:00:00",0.12208275854554412
"2024-10-19 03:00:00",0.11663952125774801
"2024-10-19 02:00:00",0.1173879979187246
"2024-10-19 01:00:00",0.11780564516165681
"2024-10-19 00:00:00",0.11850071102727434
"2024-10-18 23:00:00",0.11644525037808702
"2024-10-18 22:00:00",0.11505569195690186
"2024-10-18 21:00:00",0.11716641100494589
"2024-10-18 20:00:00",0.11538940625376205
"2024-10-18 19:00:00",0.11638928886211565
"2024-10-18 18:00:00",0.11564005503557225
"2024-10-18 17:00:00",0.12177809100890497
"2024-10-18 16:00:00",0.12297161744776734
"2024-10-18 15:00:00",0.12413846771566832
"2024-10-18 14:00:00",0.12752883501990397
"2024-10-18 13:00:00",0.12377856231040489
"2024-10-18 12:00:00",0.11927805484612806
"2024-10-18 11:00:00",0.11725122659840076
"2024-10-18 10:00:00",0.11761033322673821
"2024-10-18 09:00:00",0.11594397485251129
"2024-10-18 08:00:00",0.1186102471754381
"2024-10-18 07:00:00",0.11902818180654541
"2024-10-18 06:00:00",0.11755547816232649
"2024-10-18 05:00:00",0.11710968929948513
"2024-10-18 04:00:00",0.11997154086187334
"2024-10-18 03:00:00",0.11769439701634377
"2024-10-18 02:00:00",0.11752690529405946
"2024-10-18 01:00:00",0.12033279016121635
"2024-10-18 00:00:00",0.11950102220052013
"2024-10-17 23:00:00",0.11719351410699431
"2024-10-17 22:00:00",0.11802766210902242
"2024-10-17 21:00:00",0.11813864749657704
"2024-10-17 20:00:00",0.11808255825638976
"2024-10-17 19:00:00",0.11936240829334209
"2024-10-17 18:00:00",0.11755541432863387
"2024-10-17 17:00:00",0.11855556313130278
"2024-10-17 16:00:00",0.12088803149017358
"2024-10-17 15:00:00",0.11969357015406451
"2024-10-17 14:00:00",0.12016712476223212
"2024-10-17 13:00:00",0.11905651947007649
"2024-10-17 12:00:00",0.11908302702003361
"2024-10-17 11:00:00",0.1301641968675087
"2024-10-17 10:00:00",0.1371096348361043
"2024-10-17 09:00:00",0.13511032303656537
"2024-10-17 08:00:00",0.11819458500227396
"2024-10-17 07:00:00",0.13689096280435362
"2024-10-17 06:00:00",0.17999536665588914
"2024-10-17 05:00:00",0.12447281272674121
"2024-10-17 04:00:00",0.11830502774938356
"2024-10-17 03:00:00",0.11775067030261978
"2024-10-17 02:00:00",0.11622211560937912
"2024-10-17 01:00:00",0.11988851994722832
"2024-10-17 00:00:00",0.12047160913999216
"2024-10-16 23:00:00",0.11711189585107463
"2024-10-16 22:00:00",0.11844472407880995
"2024-10-16 21:00:00",0.12222103150734764
"2024-10-16 20:00:00",0.11858454206390051
"2024-10-16 19:00:00",0.11875174561043679
"2024-10-16 18:00:00",0.14711085929503484
"2024-10-16 17:00:00",0.1525528618329506
"2024-10-16 16:00:00",0.15605799911763976
"2024-10-16 15:00:00",0.1557221391576138
"2024-10-16 14:00:00",0.16408479269912118
"2024-10-16 13:00:00",0.13591511404798887
"2024-10-16 12:00:00",0.1498344802018999
"2024-10-16 11:00:00",0.15494422827562412
"2024-10-16 10:00:00",0.17324973366048038
"2024-10-16 09:00:00",0.17741612924061254
"2024-10-16 08:00:00",0.1712789112752231
"2024-10-16 07:00:00",0.17058181140603582
"2024-10-16 06:00:00",0.20150166063024366
"2024-10-16 05:00:00",0.24838080528149575
"2024-10-16 04:00:00",0.17141899991834664
"2024-10-16 03:00:00",0.1581944116731794
"2024-10-16 02:00:00",0.14797123108527374
"2024-10-16 01:00:00",0.13244537662946318
"2024-10-16 00:00:00",0.13344494689721875
"2024-10-15 23:00:00",0.13127820426351927
"2024-10-15 22:00:00",0.13102602997733023
"2024-10-15 21:00:00",0.1381680300051782
"2024-10-15 20:00:00",0.18424570681781838
"2024-10-15 19:00:00",0.3459946618020653
"2024-10-15 18:00:00",0.15572112458311285
"2024-10-15 17:00:00",0.1522772708605523
"2024-10-15 16:00:00",0.15313769385381373
"2024-10-15 15:00:00",0.138861487653021
"2024-10-15 14:00:00",0.16791604488314918
"2024-10-15 13:00:00",0.14041751886012968
"2024-10-15 12:00:00",0.21536702526981
"2024-10-15 11:00:00",0.1201110866021181
"2024-10-15 10:00:00",0.1212777311433113
"2024-10-15 09:00:00",0.16805912427888228
"2024-10-15 08:00:00",0.11891575804519283
"2024-10-15 07:00:00",0.12091597267826115
"2024-10-15 06:00:00",0.12152992838777525
"2024-10-15 05:00:00",0.12430370205801829
"2024-10-15 04:00:00",0.1204187770564241
"2024-10-15 03:00:00",0.12019293852375919
"2024-10-15 02:00:00",0.11911174424476663
"2024-10-15 01:00:00",0.12152731869831913
"2024-10-15 00:00:00",0.12188929033755132
"2024-10-14 23:00:00",0.11952737212494513
"2024-10-14 22:00:00",0.12103120476375027
"2024-10-14 21:00:00",0.11916744946211776
"2024-10-14 20:00:00",0.12019554256511626
"2024-10-14 19:00:00",0.12344598455534257
"2024-10-14 18:00:00",0.1242762778752234
"2024-10-14 17:00:00",0.12450130342118537
"2024-10-14 16:00:00",0.13177609885037075
"2024-10-14 15:00:00",0.28563525150929997
